ANYO_ACADEMICO;COD_EOI;COD_PROV;NOM_PROV;COD_MUN;NOM_MUN;COD_NIVEL;DESC_NIVEL;CURSO;IDIOMA;NUM_GRUPOS;NUM_ALUMNOS
2020;03011136;03;ALICANTE/ALACANT;03014;ALACANT/ALICANTE;A2;NIVEL BÁSICO;1;ALEMÁN;5;165
2020;03011136;03;ALICANTE/ALACANT;03014;ALACANT/ALICANTE;A2;NIVEL BÁSICO;1;CHINO;3;58
2020;03011136;03;ALICANTE/ALACANT;03014;ALACANT/ALICANTE;A2;NIVEL BÁSICO;1;ESPAÑOL COMO LENGUA EXTRANJERA;4;146
2020;03011136;03;ALICANTE/ALACANT;03014;ALACANT/ALICANTE;A2;NIVEL BÁSICO;1;EUSKERA;2;14
2020;03011136;03;ALICANTE/ALACANT;03014;ALACANT/ALICANTE;A2;NIVEL BÁSICO;1;FRANCÉS;10;281
2020;03011136;03;ALICANTE/ALACANT;03014;ALACANT/ALICANTE;A2;NIVEL BÁSICO;1;INGLÉS;13;395
2020;03011136;03;ALICANTE/ALACANT;03014;ALACANT/ALICANTE;A2;NIVEL BÁSICO;1;ITALIANO;4;103
2020;03011136;03;ALICANTE/ALACANT;03014;ALACANT/ALICANTE;A2;NIVEL BÁSICO;1;JAPONÉS;1;35
2020;03011136;03;ALICANTE/ALACANT;03014;ALACANT/ALICANTE;A2;NIVEL BÁSICO;1;PORTUGUÉS;3;35
2020;03011136;03;ALICANTE/ALACANT;03014;ALACANT/ALICANTE;A2;NIVEL BÁSICO;1;RUSO;3;52
2020;03011136;03;ALICANTE/ALACANT;03014;ALACANT/ALICANTE;A2;NIVEL BÁSICO;1;THAT'S ENGLISH;1;50
2020;03011136;03;ALICANTE/ALACANT;03014;ALACANT/ALICANTE;A2;NIVEL BÁSICO;1;VALENCIANO;2;65
2020;03011136;03;ALICANTE/ALACANT;03014;ALACANT/ALICANTE;A2;NIVEL BÁSICO;1;ÁRABE;2;37
2020;03011136;03;ALICANTE/ALACANT;03014;ALACANT/ALICANTE;A2;NIVEL BÁSICO;2;ALEMÁN;4;66
2020;03011136;03;ALICANTE/ALACANT;03014;ALACANT/ALICANTE;A2;NIVEL BÁSICO;2;CHINO;1;34
2020;03011136;03;ALICANTE/ALACANT;03014;ALACANT/ALICANTE;A2;NIVEL BÁSICO;2;ESPAÑOL COMO LENGUA EXTRANJERA;4;132
2020;03011136;03;ALICANTE/ALACANT;03014;ALACANT/ALICANTE;A2;NIVEL BÁSICO;2;EUSKERA;1;9
2020;03011136;03;ALICANTE/ALACANT;03014;ALACANT/ALICANTE;A2;NIVEL BÁSICO;2;FRANCÉS;6;100
2020;03011136;03;ALICANTE/ALACANT;03014;ALACANT/ALICANTE;A2;NIVEL BÁSICO;2;INGLÉS;11;336
2020;03011136;03;ALICANTE/ALACANT;03014;ALACANT/ALICANTE;A2;NIVEL BÁSICO;2;ITALIANO;3;51
2020;03011136;03;ALICANTE/ALACANT;03014;ALACANT/ALICANTE;A2;NIVEL BÁSICO;2;JAPONÉS;2;57
2020;03011136;03;ALICANTE/ALACANT;03014;ALACANT/ALICANTE;A2;NIVEL BÁSICO;2;PORTUGUÉS;1;15
2020;03011136;03;ALICANTE/ALACANT;03014;ALACANT/ALICANTE;A2;NIVEL BÁSICO;2;RUSO;2;28
2020;03011136;03;ALICANTE/ALACANT;03014;ALACANT/ALICANTE;A2;NIVEL BÁSICO;2;THAT'S ENGLISH;1;32
2020;03011136;03;ALICANTE/ALACANT;03014;ALACANT/ALICANTE;A2;NIVEL BÁSICO;2;ÁRABE;2;17
2020;03011136;03;ALICANTE/ALACANT;03014;ALACANT/ALICANTE;A2;NIVEL BÁSICO;3;CHINO;1;20
2020;03011136;03;ALICANTE/ALACANT;03014;ALACANT/ALICANTE;A2;NIVEL BÁSICO;3;JAPONÉS;1;28
2020;03011136;03;ALICANTE/ALACANT;03014;ALACANT/ALICANTE;A2;NIVEL BÁSICO;3;ÁRABE;2;9
2020;03011136;03;ALICANTE/ALACANT;03014;ALACANT/ALICANTE;B1;NIVEL INTERMEDIO;1;ALEMÁN;3;58
2020;03011136;03;ALICANTE/ALACANT;03014;ALACANT/ALICANTE;B1;NIVEL INTERMEDIO;1;ESPAÑOL COMO LENGUA EXTRANJERA;4;124
2020;03011136;03;ALICANTE/ALACANT;03014;ALACANT/ALICANTE;B1;NIVEL INTERMEDIO;1;EUSKERA;1;13
2020;03011136;03;ALICANTE/ALACANT;03014;ALACANT/ALICANTE;B1;NIVEL INTERMEDIO;1;FRANCÉS;4;100
2020;03011136;03;ALICANTE/ALACANT;03014;ALACANT/ALICANTE;B1;NIVEL INTERMEDIO;1;INGLÉS;11;334
2020;03011136;03;ALICANTE/ALACANT;03014;ALACANT/ALICANTE;B1;NIVEL INTERMEDIO;1;ITALIANO;2;50
2020;03011136;03;ALICANTE/ALACANT;03014;ALACANT/ALICANTE;B1;NIVEL INTERMEDIO;1;PORTUGUÉS;1;16
2020;03011136;03;ALICANTE/ALACANT;03014;ALACANT/ALICANTE;B1;NIVEL INTERMEDIO;1;RUSO;1;7
2020;03011136;03;ALICANTE/ALACANT;03014;ALACANT/ALICANTE;B1;NIVEL INTERMEDIO;1;THAT'S ENGLISH;2;50
2020;03011136;03;ALICANTE/ALACANT;03014;ALACANT/ALICANTE;B1;NIVEL INTERMEDIO;1;VALENCIANO;2;38
2020;03011136;03;ALICANTE/ALACANT;03014;ALACANT/ALICANTE;B1;NIVEL INTERMEDIO;2;ALEMÁN;2;22
2020;03011136;03;ALICANTE/ALACANT;03014;ALACANT/ALICANTE;B1;NIVEL INTERMEDIO;2;CHINO;1;10
2020;03011136;03;ALICANTE/ALACANT;03014;ALACANT/ALICANTE;B1;NIVEL INTERMEDIO;2;FRANCÉS;3;61
2020;03011136;03;ALICANTE/ALACANT;03014;ALACANT/ALICANTE;B1;NIVEL INTERMEDIO;2;INGLÉS;11;299
2020;03011136;03;ALICANTE/ALACANT;03014;ALACANT/ALICANTE;B1;NIVEL INTERMEDIO;2;RUSO;1;8
2020;03011136;03;ALICANTE/ALACANT;03014;ALACANT/ALICANTE;B1;NIVEL INTERMEDIO;2;THAT'S ENGLISH;2;38
2020;03011136;03;ALICANTE/ALACANT;03014;ALACANT/ALICANTE;B1;NIVEL INTERMEDIO;2;ÁRABE;1;5
2020;03011136;03;ALICANTE/ALACANT;03014;ALACANT/ALICANTE;B1;NIVEL INTERMEDIO;3;CHINO;1;7
2020;03011136;03;ALICANTE/ALACANT;03014;ALACANT/ALICANTE;B2;NIVEL INTERMEDIO;1;ALEMÁN;1;29
2020;03011136;03;ALICANTE/ALACANT;03014;ALACANT/ALICANTE;B2;NIVEL INTERMEDIO;1;ESPAÑOL COMO LENGUA EXTRANJERA;4;114
2020;03011136;03;ALICANTE/ALACANT;03014;ALACANT/ALICANTE;B2;NIVEL INTERMEDIO;1;FRANCÉS;2;47
2020;03011136;03;ALICANTE/ALACANT;03014;ALACANT/ALICANTE;B2;NIVEL INTERMEDIO;1;INGLÉS;13;394
2020;03011136;03;ALICANTE/ALACANT;03014;ALACANT/ALICANTE;B2;NIVEL INTERMEDIO;1;ITALIANO;2;35
2020;03011136;03;ALICANTE/ALACANT;03014;ALACANT/ALICANTE;B2;NIVEL INTERMEDIO;1;PORTUGUÉS;1;10
2020;03011136;03;ALICANTE/ALACANT;03014;ALACANT/ALICANTE;B2;NIVEL INTERMEDIO;1;THAT'S ENGLISH;2;40
2020;03011136;03;ALICANTE/ALACANT;03014;ALACANT/ALICANTE;B2;NIVEL INTERMEDIO;1;VALENCIANO;2;60
2020;03011136;03;ALICANTE/ALACANT;03014;ALACANT/ALICANTE;B2;NIVEL INTERMEDIO;1;ÁRABE;1;5
2020;03011136;03;ALICANTE/ALACANT;03014;ALACANT/ALICANTE;B2;NIVEL INTERMEDIO;2;ALEMÁN;1;13
2020;03011136;03;ALICANTE/ALACANT;03014;ALACANT/ALICANTE;B2;NIVEL INTERMEDIO;2;CHINO;1;10
2020;03011136;03;ALICANTE/ALACANT;03014;ALACANT/ALICANTE;B2;NIVEL INTERMEDIO;2;FRANCÉS;2;30
2020;03011136;03;ALICANTE/ALACANT;03014;ALACANT/ALICANTE;B2;NIVEL INTERMEDIO;2;INGLÉS;11;299
2020;03011136;03;ALICANTE/ALACANT;03014;ALACANT/ALICANTE;B2;NIVEL INTERMEDIO;2;ITALIANO;1;13
2020;03011136;03;ALICANTE/ALACANT;03014;ALACANT/ALICANTE;B2;NIVEL INTERMEDIO;2;PORTUGUÉS;1;14
2020;03011136;03;ALICANTE/ALACANT;03014;ALACANT/ALICANTE;B2;NIVEL INTERMEDIO;2;RUSO;1;8
2020;03011136;03;ALICANTE/ALACANT;03014;ALACANT/ALICANTE;B2;NIVEL INTERMEDIO;2;THAT'S ENGLISH;1;43
2020;03011136;03;ALICANTE/ALACANT;03014;ALACANT/ALICANTE;C1;NIVEL AVANZADO;1;ALEMÁN;1;8
2020;03011136;03;ALICANTE/ALACANT;03014;ALACANT/ALICANTE;C1;NIVEL AVANZADO;1;ESPAÑOL COMO LENGUA EXTRANJERA;3;69
2020;03011136;03;ALICANTE/ALACANT;03014;ALACANT/ALICANTE;C1;NIVEL AVANZADO;1;FRANCÉS;1;27
2020;03011136;03;ALICANTE/ALACANT;03014;ALACANT/ALICANTE;C1;NIVEL AVANZADO;1;INGLÉS;13;364
2020;03011136;03;ALICANTE/ALACANT;03014;ALACANT/ALICANTE;C1;NIVEL AVANZADO;1;ITALIANO;1;12
2020;03011136;03;ALICANTE/ALACANT;03014;ALACANT/ALICANTE;C1;NIVEL AVANZADO;1;PORTUGUÉS;1;8
2020;03011136;03;ALICANTE/ALACANT;03014;ALACANT/ALICANTE;C1;NIVEL AVANZADO;1;VALENCIANO;2;48
2020;03011136;03;ALICANTE/ALACANT;03014;ALACANT/ALICANTE;C1;NIVEL AVANZADO;2;ALEMÁN;1;8
2020;03011136;03;ALICANTE/ALACANT;03014;ALACANT/ALICANTE;C1;NIVEL AVANZADO;2;FRANCÉS;1;18
2020;03011136;03;ALICANTE/ALACANT;03014;ALACANT/ALICANTE;C1;NIVEL AVANZADO;2;INGLÉS;10;180
2020;03011136;03;ALICANTE/ALACANT;03014;ALACANT/ALICANTE;C2;NIVEL AVANZADO;1;ALEMÁN;1;9
2020;03011136;03;ALICANTE/ALACANT;03014;ALACANT/ALICANTE;C2;NIVEL AVANZADO;1;ESPAÑOL COMO LENGUA EXTRANJERA;2;30
2020;03011136;03;ALICANTE/ALACANT;03014;ALACANT/ALICANTE;C2;NIVEL AVANZADO;1;INGLÉS;3;56
2020;03011136;03;ALICANTE/ALACANT;03014;ALACANT/ALICANTE;C2;NIVEL AVANZADO;1;VALENCIANO;3;53
2020;03011136;03;ALICANTE/ALACANT;03014;ALACANT/ALICANTE;C2;NIVEL AVANZADO;2;ALEMÁN;1;13
2020;03011136;03;ALICANTE/ALACANT;03014;ALACANT/ALICANTE;C2;NIVEL AVANZADO;2;INGLÉS;4;61
2020;03011136;03;ALICANTE/ALACANT;03014;ALACANT/ALICANTE;C2;NIVEL AVANZADO;2;VALENCIANO;1;25
2020;03011136;03;ALICANTE/ALACANT;03014;ALACANT/ALICANTE;COMPLEMENTARIO TIPO A;SIN DEFINIR;A;ALEMÁN;1;6
2020;03011136;03;ALICANTE/ALACANT;03014;ALACANT/ALICANTE;COMPLEMENTARIO TIPO A;SIN DEFINIR;A;CHINO;1;1
2020;03011136;03;ALICANTE/ALACANT;03014;ALACANT/ALICANTE;COMPLEMENTARIO TIPO A;SIN DEFINIR;A;ESPAÑOL COMO LENGUA EXTRANJERA;2;12
2020;03011136;03;ALICANTE/ALACANT;03014;ALACANT/ALICANTE;COMPLEMENTARIO TIPO A;SIN DEFINIR;A;FRANCÉS;2;10
2020;03011136;03;ALICANTE/ALACANT;03014;ALACANT/ALICANTE;COMPLEMENTARIO TIPO A;SIN DEFINIR;A;INGLÉS;10;106
2020;03011136;03;ALICANTE/ALACANT;03014;ALACANT/ALICANTE;COMPLEMENTARIO TIPO A;SIN DEFINIR;A;VALENCIANO;1;2
2020;03011136;03;ALICANTE/ALACANT;03014;ALACANT/ALICANTE;COMPLEMENTARIO TIPO B;SIN DEFINIR;B;FRANCÉS;1;2
2020;03012359;03;ALICANTE/ALACANT;03065;ELX/ELCHE;A2;NIVEL BÁSICO;1;ALEMÁN;4;103
2020;03012359;03;ALICANTE/ALACANT;03065;ELX/ELCHE;A2;NIVEL BÁSICO;1;FRANCÉS;6;166
2020;03012359;03;ALICANTE/ALACANT;03065;ELX/ELCHE;A2;NIVEL BÁSICO;1;INGLÉS;14;253
2020;03012359;03;ALICANTE/ALACANT;03065;ELX/ELCHE;A2;NIVEL BÁSICO;1;ITALIANO;4;87
2020;03012359;03;ALICANTE/ALACANT;03065;ELX/ELCHE;A2;NIVEL BÁSICO;1;JAPONÉS;2;71
2020;03012359;03;ALICANTE/ALACANT;03065;ELX/ELCHE;A2;NIVEL BÁSICO;1;THAT'S ENGLISH;2;26
2020;03012359;03;ALICANTE/ALACANT;03065;ELX/ELCHE;A2;NIVEL BÁSICO;1;VALENCIANO;2;47
2020;03012359;03;ALICANTE/ALACANT;03065;ELX/ELCHE;A2;NIVEL BÁSICO;1;ÁRABE;2;31
2020;03012359;03;ALICANTE/ALACANT;03065;ELX/ELCHE;A2;NIVEL BÁSICO;2;ALEMÁN;3;68
2020;03012359;03;ALICANTE/ALACANT;03065;ELX/ELCHE;A2;NIVEL BÁSICO;2;FRANCÉS;4;94
2020;03012359;03;ALICANTE/ALACANT;03065;ELX/ELCHE;A2;NIVEL BÁSICO;2;INGLÉS;11;326
2020;03012359;03;ALICANTE/ALACANT;03065;ELX/ELCHE;A2;NIVEL BÁSICO;2;ITALIANO;3;53
2020;03012359;03;ALICANTE/ALACANT;03065;ELX/ELCHE;A2;NIVEL BÁSICO;2;JAPONÉS;1;36
2020;03012359;03;ALICANTE/ALACANT;03065;ELX/ELCHE;A2;NIVEL BÁSICO;2;THAT'S ENGLISH;1;32
2020;03012359;03;ALICANTE/ALACANT;03065;ELX/ELCHE;A2;NIVEL BÁSICO;2;ÁRABE;1;10
2020;03012359;03;ALICANTE/ALACANT;03065;ELX/ELCHE;A2;NIVEL BÁSICO;3;JAPONÉS;1;13
2020;03012359;03;ALICANTE/ALACANT;03065;ELX/ELCHE;A2;NIVEL BÁSICO;3;ÁRABE;1;6
2020;03012359;03;ALICANTE/ALACANT;03065;ELX/ELCHE;B1;NIVEL INTERMEDIO;1;ALEMÁN;2;26
2020;03012359;03;ALICANTE/ALACANT;03065;ELX/ELCHE;B1;NIVEL INTERMEDIO;1;FRANCÉS;3;74
2020;03012359;03;ALICANTE/ALACANT;03065;ELX/ELCHE;B1;NIVEL INTERMEDIO;1;INGLÉS;16;420
2020;03012359;03;ALICANTE/ALACANT;03065;ELX/ELCHE;B1;NIVEL INTERMEDIO;1;ITALIANO;1;17
2020;03012359;03;ALICANTE/ALACANT;03065;ELX/ELCHE;B1;NIVEL INTERMEDIO;1;THAT'S ENGLISH;2;32
2020;03012359;03;ALICANTE/ALACANT;03065;ELX/ELCHE;B1;NIVEL INTERMEDIO;1;VALENCIANO;1;24
2020;03012359;03;ALICANTE/ALACANT;03065;ELX/ELCHE;B1;NIVEL INTERMEDIO;1;ÁRABE;1;4
2020;03012359;03;ALICANTE/ALACANT;03065;ELX/ELCHE;B1;NIVEL INTERMEDIO;2;ALEMÁN;1;18
2020;03012359;03;ALICANTE/ALACANT;03065;ELX/ELCHE;B1;NIVEL INTERMEDIO;2;FRANCÉS;2;43
2020;03012359;03;ALICANTE/ALACANT;03065;ELX/ELCHE;B1;NIVEL INTERMEDIO;2;INGLÉS;12;303
2020;03012359;03;ALICANTE/ALACANT;03065;ELX/ELCHE;B1;NIVEL INTERMEDIO;2;THAT'S ENGLISH;1;30
2020;03012359;03;ALICANTE/ALACANT;03065;ELX/ELCHE;B1;NIVEL INTERMEDIO;2;ÁRABE;1;2
2020;03012359;03;ALICANTE/ALACANT;03065;ELX/ELCHE;B2;NIVEL INTERMEDIO;1;ALEMÁN;1;14
2020;03012359;03;ALICANTE/ALACANT;03065;ELX/ELCHE;B2;NIVEL INTERMEDIO;1;FRANCÉS;1;25
2020;03012359;03;ALICANTE/ALACANT;03065;ELX/ELCHE;B2;NIVEL INTERMEDIO;1;INGLÉS;11;318
2020;03012359;03;ALICANTE/ALACANT;03065;ELX/ELCHE;B2;NIVEL INTERMEDIO;1;ITALIANO;1;25
2020;03012359;03;ALICANTE/ALACANT;03065;ELX/ELCHE;B2;NIVEL INTERMEDIO;1;THAT'S ENGLISH;2;39
2020;03012359;03;ALICANTE/ALACANT;03065;ELX/ELCHE;B2;NIVEL INTERMEDIO;1;VALENCIANO;3;64
2020;03012359;03;ALICANTE/ALACANT;03065;ELX/ELCHE;B2;NIVEL INTERMEDIO;1;ÁRABE;1;4
2020;03012359;03;ALICANTE/ALACANT;03065;ELX/ELCHE;B2;NIVEL INTERMEDIO;2;ALEMÁN;1;13
2020;03012359;03;ALICANTE/ALACANT;03065;ELX/ELCHE;B2;NIVEL INTERMEDIO;2;FRANCÉS;1;21
2020;03012359;03;ALICANTE/ALACANT;03065;ELX/ELCHE;B2;NIVEL INTERMEDIO;2;INGLÉS;8;227
2020;03012359;03;ALICANTE/ALACANT;03065;ELX/ELCHE;B2;NIVEL INTERMEDIO;2;ITALIANO;1;12
2020;03012359;03;ALICANTE/ALACANT;03065;ELX/ELCHE;B2;NIVEL INTERMEDIO;2;THAT'S ENGLISH;1;26
2020;03012359;03;ALICANTE/ALACANT;03065;ELX/ELCHE;B2;NIVEL INTERMEDIO;2;ÁRABE;1;5
2020;03012359;03;ALICANTE/ALACANT;03065;ELX/ELCHE;C1;NIVEL AVANZADO;1;ALEMÁN;1;15
2020;03012359;03;ALICANTE/ALACANT;03065;ELX/ELCHE;C1;NIVEL AVANZADO;1;FRANCÉS;1;16
2020;03012359;03;ALICANTE/ALACANT;03065;ELX/ELCHE;C1;NIVEL AVANZADO;1;INGLÉS;7;182
2020;03012359;03;ALICANTE/ALACANT;03065;ELX/ELCHE;C1;NIVEL AVANZADO;1;ITALIANO;1;15
2020;03012359;03;ALICANTE/ALACANT;03065;ELX/ELCHE;C1;NIVEL AVANZADO;1;VALENCIANO;2;51
2020;03012359;03;ALICANTE/ALACANT;03065;ELX/ELCHE;C1;NIVEL AVANZADO;2;FRANCÉS;1;10
2020;03012359;03;ALICANTE/ALACANT;03065;ELX/ELCHE;C1;NIVEL AVANZADO;2;INGLÉS;5;121
2020;03012359;03;ALICANTE/ALACANT;03065;ELX/ELCHE;C2;NIVEL AVANZADO;1;INGLÉS;2;50
2020;03012359;03;ALICANTE/ALACANT;03065;ELX/ELCHE;C2;NIVEL AVANZADO;1;VALENCIANO;3;74
2020;03012359;03;ALICANTE/ALACANT;03065;ELX/ELCHE;C2;NIVEL AVANZADO;2;INGLÉS;1;28
2020;03012359;03;ALICANTE/ALACANT;03065;ELX/ELCHE;C2;NIVEL AVANZADO;2;VALENCIANO;3;40
2020;03012359;03;ALICANTE/ALACANT;03065;ELX/ELCHE;COMPLEMENTARIO TIPO A;SIN DEFINIR;A;ALEMÁN;1;4
2020;03012359;03;ALICANTE/ALACANT;03065;ELX/ELCHE;COMPLEMENTARIO TIPO A;SIN DEFINIR;A;FRANCÉS;3;8
2020;03012359;03;ALICANTE/ALACANT;03065;ELX/ELCHE;COMPLEMENTARIO TIPO A;SIN DEFINIR;A;INGLÉS;10;107
2020;03012359;03;ALICANTE/ALACANT;03065;ELX/ELCHE;COMPLEMENTARIO TIPO A;SIN DEFINIR;A;ITALIANO;2;2
2020;03012359;03;ALICANTE/ALACANT;03065;ELX/ELCHE;COMPLEMENTARIO TIPO A;SIN DEFINIR;A;VALENCIANO;1;5
2020;03012359;03;ALICANTE/ALACANT;03065;ELX/ELCHE;COMPLEMENTARIO TIPO B;SIN DEFINIR;B;ÁRABE;2;5
2020;03015579;03;ALICANTE/ALACANT;03133;TORREVIEJA;A2;NIVEL BÁSICO;1;ALEMÁN;4;65
2020;03015579;03;ALICANTE/ALACANT;03133;TORREVIEJA;A2;NIVEL BÁSICO;1;ESPAÑOL COMO LENGUA EXTRANJERA;5;177
2020;03015579;03;ALICANTE/ALACANT;03133;TORREVIEJA;A2;NIVEL BÁSICO;1;FRANCÉS;3;77
2020;03015579;03;ALICANTE/ALACANT;03133;TORREVIEJA;A2;NIVEL BÁSICO;1;INGLÉS;8;211
2020;03015579;03;ALICANTE/ALACANT;03133;TORREVIEJA;A2;NIVEL BÁSICO;1;RUSO;1;26
2020;03015579;03;ALICANTE/ALACANT;03133;TORREVIEJA;A2;NIVEL BÁSICO;1;VALENCIANO;1;23
2020;03015579;03;ALICANTE/ALACANT;03133;TORREVIEJA;A2;NIVEL BÁSICO;2;ALEMÁN;2;31
2020;03015579;03;ALICANTE/ALACANT;03133;TORREVIEJA;A2;NIVEL BÁSICO;2;ESPAÑOL COMO LENGUA EXTRANJERA;5;167
2020;03015579;03;ALICANTE/ALACANT;03133;TORREVIEJA;A2;NIVEL BÁSICO;2;FRANCÉS;3;42
2020;03015579;03;ALICANTE/ALACANT;03133;TORREVIEJA;A2;NIVEL BÁSICO;2;INGLÉS;7;146
2020;03015579;03;ALICANTE/ALACANT;03133;TORREVIEJA;A2;NIVEL BÁSICO;2;RUSO;1;21
2020;03015579;03;ALICANTE/ALACANT;03133;TORREVIEJA;B1;NIVEL INTERMEDIO;1;ALEMÁN;1;18
2020;03015579;03;ALICANTE/ALACANT;03133;TORREVIEJA;B1;NIVEL INTERMEDIO;1;ESPAÑOL COMO LENGUA EXTRANJERA;4;123
2020;03015579;03;ALICANTE/ALACANT;03133;TORREVIEJA;B1;NIVEL INTERMEDIO;1;FRANCÉS;2;28
2020;03015579;03;ALICANTE/ALACANT;03133;TORREVIEJA;B1;NIVEL INTERMEDIO;1;INGLÉS;7;183
2020;03015579;03;ALICANTE/ALACANT;03133;TORREVIEJA;B1;NIVEL INTERMEDIO;1;RUSO;2;23
2020;03015579;03;ALICANTE/ALACANT;03133;TORREVIEJA;B1;NIVEL INTERMEDIO;1;VALENCIANO;2;19
2020;03015579;03;ALICANTE/ALACANT;03133;TORREVIEJA;B1;NIVEL INTERMEDIO;2;ALEMÁN;1;13
2020;03015579;03;ALICANTE/ALACANT;03133;TORREVIEJA;B1;NIVEL INTERMEDIO;2;FRANCÉS;1;20
2020;03015579;03;ALICANTE/ALACANT;03133;TORREVIEJA;B1;NIVEL INTERMEDIO;2;INGLÉS;6;107
2020;03015579;03;ALICANTE/ALACANT;03133;TORREVIEJA;B2;NIVEL INTERMEDIO;1;ESPAÑOL COMO LENGUA EXTRANJERA;2;59
2020;03015579;03;ALICANTE/ALACANT;03133;TORREVIEJA;B2;NIVEL INTERMEDIO;1;INGLÉS;4;89
2020;03015579;03;ALICANTE/ALACANT;03133;TORREVIEJA;B2;NIVEL INTERMEDIO;1;VALENCIANO;1;17
2020;03015579;03;ALICANTE/ALACANT;03133;TORREVIEJA;B2;NIVEL INTERMEDIO;2;ALEMÁN;1;12
2020;03015579;03;ALICANTE/ALACANT;03133;TORREVIEJA;B2;NIVEL INTERMEDIO;2;FRANCÉS;1;17
2020;03015579;03;ALICANTE/ALACANT;03133;TORREVIEJA;B2;NIVEL INTERMEDIO;2;INGLÉS;3;84
2020;03015579;03;ALICANTE/ALACANT;03133;TORREVIEJA;C1;NIVEL AVANZADO;1;ESPAÑOL COMO LENGUA EXTRANJERA;1;26
2020;03015579;03;ALICANTE/ALACANT;03133;TORREVIEJA;C1;NIVEL AVANZADO;1;INGLÉS;2;49
2020;03015579;03;ALICANTE/ALACANT;03133;TORREVIEJA;C1;NIVEL AVANZADO;1;VALENCIANO;1;20
2020;03015579;03;ALICANTE/ALACANT;03133;TORREVIEJA;C1;NIVEL AVANZADO;2;INGLÉS;1;27
2020;03015579;03;ALICANTE/ALACANT;03133;TORREVIEJA;C2;NIVEL AVANZADO;1;ESPAÑOL COMO LENGUA EXTRANJERA;1;9
2020;03015579;03;ALICANTE/ALACANT;03133;TORREVIEJA;C2;NIVEL AVANZADO;1;VALENCIANO;3;30
2020;03015579;03;ALICANTE/ALACANT;03133;TORREVIEJA;C2;NIVEL AVANZADO;2;INGLÉS;1;25
2020;03015579;03;ALICANTE/ALACANT;03133;TORREVIEJA;C2;NIVEL AVANZADO;2;VALENCIANO;1;14
2020;03015579;03;ALICANTE/ALACANT;03133;TORREVIEJA;COMPLEMENTARIO TIPO A;SIN DEFINIR;A;ESPAÑOL COMO LENGUA EXTRANJERA;3;45
2020;03015579;03;ALICANTE/ALACANT;03133;TORREVIEJA;COMPLEMENTARIO TIPO A;SIN DEFINIR;A;INGLÉS;4;34
2020;03015579;03;ALICANTE/ALACANT;03133;TORREVIEJA;COMPLEMENTARIO TIPO B;SIN DEFINIR;B;INGLÉS;1;1
2020;03016161;03;ALICANTE/ALACANT;03031;BENIDORM;A2;NIVEL BÁSICO;1;ALEMÁN;3;59
2020;03016161;03;ALICANTE/ALACANT;03031;BENIDORM;A2;NIVEL BÁSICO;1;ESPAÑOL COMO LENGUA EXTRANJERA;4;126
2020;03016161;03;ALICANTE/ALACANT;03031;BENIDORM;A2;NIVEL BÁSICO;1;FRANCÉS;3;86
2020;03016161;03;ALICANTE/ALACANT;03031;BENIDORM;A2;NIVEL BÁSICO;1;INGLÉS;8;161
2020;03016161;03;ALICANTE/ALACANT;03031;BENIDORM;A2;NIVEL BÁSICO;1;ITALIANO;3;33
2020;03016161;03;ALICANTE/ALACANT;03031;BENIDORM;A2;NIVEL BÁSICO;1;THAT'S ENGLISH;1;24
2020;03016161;03;ALICANTE/ALACANT;03031;BENIDORM;A2;NIVEL BÁSICO;1;VALENCIANO;1;35
2020;03016161;03;ALICANTE/ALACANT;03031;BENIDORM;A2;NIVEL BÁSICO;2;ALEMÁN;3;27
2020;03016161;03;ALICANTE/ALACANT;03031;BENIDORM;A2;NIVEL BÁSICO;2;ESPAÑOL COMO LENGUA EXTRANJERA;4;85
2020;03016161;03;ALICANTE/ALACANT;03031;BENIDORM;A2;NIVEL BÁSICO;2;FRANCÉS;3;45
2020;03016161;03;ALICANTE/ALACANT;03031;BENIDORM;A2;NIVEL BÁSICO;2;INGLÉS;7;113
2020;03016161;03;ALICANTE/ALACANT;03031;BENIDORM;A2;NIVEL BÁSICO;2;ITALIANO;1;8
2020;03016161;03;ALICANTE/ALACANT;03031;BENIDORM;A2;NIVEL BÁSICO;2;THAT'S ENGLISH;1;8
2020;03016161;03;ALICANTE/ALACANT;03031;BENIDORM;B1;NIVEL INTERMEDIO;1;ALEMÁN;1;25
2020;03016161;03;ALICANTE/ALACANT;03031;BENIDORM;B1;NIVEL INTERMEDIO;1;ESPAÑOL COMO LENGUA EXTRANJERA;4;84
2020;03016161;03;ALICANTE/ALACANT;03031;BENIDORM;B1;NIVEL INTERMEDIO;1;FRANCÉS;2;37
2020;03016161;03;ALICANTE/ALACANT;03031;BENIDORM;B1;NIVEL INTERMEDIO;1;INGLÉS;8;212
2020;03016161;03;ALICANTE/ALACANT;03031;BENIDORM;B1;NIVEL INTERMEDIO;1;ITALIANO;1;16
2020;03016161;03;ALICANTE/ALACANT;03031;BENIDORM;B1;NIVEL INTERMEDIO;1;THAT'S ENGLISH;1;31
2020;03016161;03;ALICANTE/ALACANT;03031;BENIDORM;B1;NIVEL INTERMEDIO;1;VALENCIANO;1;11
2020;03016161;03;ALICANTE/ALACANT;03031;BENIDORM;B1;NIVEL INTERMEDIO;2;ALEMÁN;1;11
2020;03016161;03;ALICANTE/ALACANT;03031;BENIDORM;B1;NIVEL INTERMEDIO;2;FRANCÉS;2;20
2020;03016161;03;ALICANTE/ALACANT;03031;BENIDORM;B1;NIVEL INTERMEDIO;2;INGLÉS;7;139
2020;03016161;03;ALICANTE/ALACANT;03031;BENIDORM;B1;NIVEL INTERMEDIO;2;THAT'S ENGLISH;1;16
2020;03016161;03;ALICANTE/ALACANT;03031;BENIDORM;B2;NIVEL INTERMEDIO;1;ALEMÁN;1;7
2020;03016161;03;ALICANTE/ALACANT;03031;BENIDORM;B2;NIVEL INTERMEDIO;1;ESPAÑOL COMO LENGUA EXTRANJERA;3;61
2020;03016161;03;ALICANTE/ALACANT;03031;BENIDORM;B2;NIVEL INTERMEDIO;1;FRANCÉS;2;10
2020;03016161;03;ALICANTE/ALACANT;03031;BENIDORM;B2;NIVEL INTERMEDIO;1;INGLÉS;5;135
2020;03016161;03;ALICANTE/ALACANT;03031;BENIDORM;B2;NIVEL INTERMEDIO;1;ITALIANO;1;11
2020;03016161;03;ALICANTE/ALACANT;03031;BENIDORM;B2;NIVEL INTERMEDIO;1;THAT'S ENGLISH;1;17
2020;03016161;03;ALICANTE/ALACANT;03031;BENIDORM;B2;NIVEL INTERMEDIO;1;VALENCIANO;1;32
2020;03016161;03;ALICANTE/ALACANT;03031;BENIDORM;B2;NIVEL INTERMEDIO;2;ALEMÁN;1;8
2020;03016161;03;ALICANTE/ALACANT;03031;BENIDORM;B2;NIVEL INTERMEDIO;2;FRANCÉS;1;13
2020;03016161;03;ALICANTE/ALACANT;03031;BENIDORM;B2;NIVEL INTERMEDIO;2;INGLÉS;4;108
2020;03016161;03;ALICANTE/ALACANT;03031;BENIDORM;B2;NIVEL INTERMEDIO;2;ITALIANO;1;7
2020;03016161;03;ALICANTE/ALACANT;03031;BENIDORM;B2;NIVEL INTERMEDIO;2;THAT'S ENGLISH;1;17
2020;03016161;03;ALICANTE/ALACANT;03031;BENIDORM;C1;NIVEL AVANZADO;1;INGLÉS;4;92
2020;03016161;03;ALICANTE/ALACANT;03031;BENIDORM;C1;NIVEL AVANZADO;1;ITALIANO;1;6
2020;03016161;03;ALICANTE/ALACANT;03031;BENIDORM;C1;NIVEL AVANZADO;1;VALENCIANO;2;43
2020;03016161;03;ALICANTE/ALACANT;03031;BENIDORM;C1;NIVEL AVANZADO;2;INGLÉS;3;54
2020;03016161;03;ALICANTE/ALACANT;03031;BENIDORM;C2;NIVEL AVANZADO;1;INGLÉS;1;8
2020;03016161;03;ALICANTE/ALACANT;03031;BENIDORM;C2;NIVEL AVANZADO;1;VALENCIANO;2;41
2020;03016161;03;ALICANTE/ALACANT;03031;BENIDORM;C2;NIVEL AVANZADO;2;INGLÉS;1;9
2020;03016161;03;ALICANTE/ALACANT;03031;BENIDORM;C2;NIVEL AVANZADO;2;VALENCIANO;1;18
2020;03016161;03;ALICANTE/ALACANT;03031;BENIDORM;COMPLEMENTARIO TIPO A;SIN DEFINIR;A;ALEMÁN;1;5
2020;03016161;03;ALICANTE/ALACANT;03031;BENIDORM;COMPLEMENTARIO TIPO A;SIN DEFINIR;A;ESPAÑOL COMO LENGUA EXTRANJERA;2;16
2020;03016161;03;ALICANTE/ALACANT;03031;BENIDORM;COMPLEMENTARIO TIPO A;SIN DEFINIR;A;FRANCÉS;1;5
2020;03016161;03;ALICANTE/ALACANT;03031;BENIDORM;COMPLEMENTARIO TIPO A;SIN DEFINIR;A;INGLÉS;10;91
2020;03016161;03;ALICANTE/ALACANT;03031;BENIDORM;COMPLEMENTARIO TIPO A;SIN DEFINIR;A;ITALIANO;1;5
2020;03016161;03;ALICANTE/ALACANT;03031;BENIDORM;COMPLEMENTARIO TIPO A;SIN DEFINIR;A;VALENCIANO;1;6
2020;03016161;03;ALICANTE/ALACANT;03031;BENIDORM;COMPLEMENTARIO TIPO B;SIN DEFINIR;B;ALEMÁN;1;6
2020;03016161;03;ALICANTE/ALACANT;03031;BENIDORM;COMPLEMENTARIO TIPO B;SIN DEFINIR;B;ESPAÑOL COMO LENGUA EXTRANJERA;2;23
2020;03017825;03;ALICANTE/ALACANT;03009;ALCOI/ALCOY;A2;NIVEL BÁSICO;1;ALEMÁN;2;35
2020;03017825;03;ALICANTE/ALACANT;03009;ALCOI/ALCOY;A2;NIVEL BÁSICO;1;FRANCÉS;4;60
2020;03017825;03;ALICANTE/ALACANT;03009;ALCOI/ALCOY;A2;NIVEL BÁSICO;1;INGLÉS;3;82
2020;03017825;03;ALICANTE/ALACANT;03009;ALCOI/ALCOY;A2;NIVEL BÁSICO;2;ALEMÁN;2;17
2020;03017825;03;ALICANTE/ALACANT;03009;ALCOI/ALCOY;A2;NIVEL BÁSICO;2;FRANCÉS;3;34
2020;03017825;03;ALICANTE/ALACANT;03009;ALCOI/ALCOY;A2;NIVEL BÁSICO;2;INGLÉS;3;64
2020;03017825;03;ALICANTE/ALACANT;03009;ALCOI/ALCOY;B1;NIVEL INTERMEDIO;1;ALEMÁN;1;5
2020;03017825;03;ALICANTE/ALACANT;03009;ALCOI/ALCOY;B1;NIVEL INTERMEDIO;1;FRANCÉS;1;21
2020;03017825;03;ALICANTE/ALACANT;03009;ALCOI/ALCOY;B1;NIVEL INTERMEDIO;1;INGLÉS;6;158
2020;03017825;03;ALICANTE/ALACANT;03009;ALCOI/ALCOY;B1;NIVEL INTERMEDIO;2;ALEMÁN;1;6
2020;03017825;03;ALICANTE/ALACANT;03009;ALCOI/ALCOY;B1;NIVEL INTERMEDIO;2;FRANCÉS;1;18
2020;03017825;03;ALICANTE/ALACANT;03009;ALCOI/ALCOY;B1;NIVEL INTERMEDIO;2;INGLÉS;6;119
2020;03017825;03;ALICANTE/ALACANT;03009;ALCOI/ALCOY;B2;NIVEL INTERMEDIO;1;ALEMÁN;1;8
2020;03017825;03;ALICANTE/ALACANT;03009;ALCOI/ALCOY;B2;NIVEL INTERMEDIO;1;FRANCÉS;1;6
2020;03017825;03;ALICANTE/ALACANT;03009;ALCOI/ALCOY;B2;NIVEL INTERMEDIO;1;INGLÉS;5;147
2020;03017825;03;ALICANTE/ALACANT;03009;ALCOI/ALCOY;B2;NIVEL INTERMEDIO;2;ALEMÁN;1;10
2020;03017825;03;ALICANTE/ALACANT;03009;ALCOI/ALCOY;B2;NIVEL INTERMEDIO;2;FRANCÉS;1;21
2020;03017825;03;ALICANTE/ALACANT;03009;ALCOI/ALCOY;B2;NIVEL INTERMEDIO;2;INGLÉS;4;114
2020;03017825;03;ALICANTE/ALACANT;03009;ALCOI/ALCOY;C1;NIVEL AVANZADO;1;INGLÉS;3;82
2020;03017825;03;ALICANTE/ALACANT;03009;ALCOI/ALCOY;C1;NIVEL AVANZADO;1;VALENCIANO;1;24
2020;03017825;03;ALICANTE/ALACANT;03009;ALCOI/ALCOY;C1;NIVEL AVANZADO;2;FRANCÉS;1;18
2020;03017825;03;ALICANTE/ALACANT;03009;ALCOI/ALCOY;C1;NIVEL AVANZADO;2;INGLÉS;2;52
2020;03017825;03;ALICANTE/ALACANT;03009;ALCOI/ALCOY;C2;NIVEL AVANZADO;1;VALENCIANO;2;33
2020;03017825;03;ALICANTE/ALACANT;03009;ALCOI/ALCOY;C2;NIVEL AVANZADO;2;INGLÉS;1;14
2020;03017825;03;ALICANTE/ALACANT;03009;ALCOI/ALCOY;C2;NIVEL AVANZADO;2;VALENCIANO;1;11
2020;03017825;03;ALICANTE/ALACANT;03009;ALCOI/ALCOY;COMPLEMENTARIO TIPO A;SIN DEFINIR;A;INGLÉS;4;28
2020;03018283;03;ALICANTE/ALACANT;03063;DÉNIA;A2;NIVEL BÁSICO;1;ALEMÁN;2;46
2020;03018283;03;ALICANTE/ALACANT;03063;DÉNIA;A2;NIVEL BÁSICO;1;ESPAÑOL COMO LENGUA EXTRANJERA;2;39
2020;03018283;03;ALICANTE/ALACANT;03063;DÉNIA;A2;NIVEL BÁSICO;1;FRANCÉS;3;46
2020;03018283;03;ALICANTE/ALACANT;03063;DÉNIA;A2;NIVEL BÁSICO;1;INGLÉS;5;75
2020;03018283;03;ALICANTE/ALACANT;03063;DÉNIA;A2;NIVEL BÁSICO;1;VALENCIANO;1;16
2020;03018283;03;ALICANTE/ALACANT;03063;DÉNIA;A2;NIVEL BÁSICO;2;ALEMÁN;2;23
2020;03018283;03;ALICANTE/ALACANT;03063;DÉNIA;A2;NIVEL BÁSICO;2;ESPAÑOL COMO LENGUA EXTRANJERA;2;43
2020;03018283;03;ALICANTE/ALACANT;03063;DÉNIA;A2;NIVEL BÁSICO;2;FRANCÉS;3;39
2020;03018283;03;ALICANTE/ALACANT;03063;DÉNIA;A2;NIVEL BÁSICO;2;INGLÉS;4;84
2020;03018283;03;ALICANTE/ALACANT;03063;DÉNIA;B1;NIVEL INTERMEDIO;1;ALEMÁN;1;20
2020;03018283;03;ALICANTE/ALACANT;03063;DÉNIA;B1;NIVEL INTERMEDIO;1;ESPAÑOL COMO LENGUA EXTRANJERA;1;29
2020;03018283;03;ALICANTE/ALACANT;03063;DÉNIA;B1;NIVEL INTERMEDIO;1;FRANCÉS;1;16
2020;03018283;03;ALICANTE/ALACANT;03063;DÉNIA;B1;NIVEL INTERMEDIO;1;INGLÉS;6;129
2020;03018283;03;ALICANTE/ALACANT;03063;DÉNIA;B1;NIVEL INTERMEDIO;2;ALEMÁN;1;14
2020;03018283;03;ALICANTE/ALACANT;03063;DÉNIA;B1;NIVEL INTERMEDIO;2;FRANCÉS;1;9
2020;03018283;03;ALICANTE/ALACANT;03063;DÉNIA;B1;NIVEL INTERMEDIO;2;INGLÉS;4;106
2020;03018283;03;ALICANTE/ALACANT;03063;DÉNIA;B2;NIVEL INTERMEDIO;1;ALEMÁN;1;6
2020;03018283;03;ALICANTE/ALACANT;03063;DÉNIA;B2;NIVEL INTERMEDIO;1;ESPAÑOL COMO LENGUA EXTRANJERA;1;12
2020;03018283;03;ALICANTE/ALACANT;03063;DÉNIA;B2;NIVEL INTERMEDIO;1;FRANCÉS;1;13
2020;03018283;03;ALICANTE/ALACANT;03063;DÉNIA;B2;NIVEL INTERMEDIO;1;INGLÉS;4;92
2020;03018283;03;ALICANTE/ALACANT;03063;DÉNIA;B2;NIVEL INTERMEDIO;1;VALENCIANO;1;8
2020;03018283;03;ALICANTE/ALACANT;03063;DÉNIA;B2;NIVEL INTERMEDIO;2;ALEMÁN;1;4
2020;03018283;03;ALICANTE/ALACANT;03063;DÉNIA;B2;NIVEL INTERMEDIO;2;FRANCÉS;1;10
2020;03018283;03;ALICANTE/ALACANT;03063;DÉNIA;B2;NIVEL INTERMEDIO;2;INGLÉS;4;77
2020;03018283;03;ALICANTE/ALACANT;03063;DÉNIA;C1;NIVEL AVANZADO;1;INGLÉS;3;61
2020;03018283;03;ALICANTE/ALACANT;03063;DÉNIA;C1;NIVEL AVANZADO;1;VALENCIANO;1;20
2020;03018283;03;ALICANTE/ALACANT;03063;DÉNIA;C1;NIVEL AVANZADO;2;INGLÉS;2;32
2020;03018283;03;ALICANTE/ALACANT;03063;DÉNIA;C2;NIVEL AVANZADO;1;VALENCIANO;1;17
2020;03018295;03;ALICANTE/ALACANT;03066;ELDA;A2;NIVEL BÁSICO;1;ALEMÁN;4;50
2020;03018295;03;ALICANTE/ALACANT;03066;ELDA;A2;NIVEL BÁSICO;1;FRANCÉS;4;46
2020;03018295;03;ALICANTE/ALACANT;03066;ELDA;A2;NIVEL BÁSICO;1;INGLÉS;6;111
2020;03018295;03;ALICANTE/ALACANT;03066;ELDA;A2;NIVEL BÁSICO;1;ITALIANO;2;36
2020;03018295;03;ALICANTE/ALACANT;03066;ELDA;A2;NIVEL BÁSICO;1;VALENCIANO;1;30
2020;03018295;03;ALICANTE/ALACANT;03066;ELDA;A2;NIVEL BÁSICO;2;ALEMÁN;2;27
2020;03018295;03;ALICANTE/ALACANT;03066;ELDA;A2;NIVEL BÁSICO;2;FRANCÉS;3;20
2020;03018295;03;ALICANTE/ALACANT;03066;ELDA;A2;NIVEL BÁSICO;2;INGLÉS;6;125
2020;03018295;03;ALICANTE/ALACANT;03066;ELDA;A2;NIVEL BÁSICO;2;ITALIANO;1;18
2020;03018295;03;ALICANTE/ALACANT;03066;ELDA;B1;NIVEL INTERMEDIO;1;ALEMÁN;1;9
2020;03018295;03;ALICANTE/ALACANT;03066;ELDA;B1;NIVEL INTERMEDIO;1;FRANCÉS;1;24
2020;03018295;03;ALICANTE/ALACANT;03066;ELDA;B1;NIVEL INTERMEDIO;1;INGLÉS;9;251
2020;03018295;03;ALICANTE/ALACANT;03066;ELDA;B1;NIVEL INTERMEDIO;1;ITALIANO;1;13
2020;03018295;03;ALICANTE/ALACANT;03066;ELDA;B1;NIVEL INTERMEDIO;1;VALENCIANO;1;27
2020;03018295;03;ALICANTE/ALACANT;03066;ELDA;B1;NIVEL INTERMEDIO;2;ALEMÁN;1;6
2020;03018295;03;ALICANTE/ALACANT;03066;ELDA;B1;NIVEL INTERMEDIO;2;FRANCÉS;1;25
2020;03018295;03;ALICANTE/ALACANT;03066;ELDA;B1;NIVEL INTERMEDIO;2;INGLÉS;9;216
2020;03018295;03;ALICANTE/ALACANT;03066;ELDA;B2;NIVEL INTERMEDIO;1;ALEMÁN;1;5
2020;03018295;03;ALICANTE/ALACANT;03066;ELDA;B2;NIVEL INTERMEDIO;1;FRANCÉS;1;10
2020;03018295;03;ALICANTE/ALACANT;03066;ELDA;B2;NIVEL INTERMEDIO;1;INGLÉS;8;222
2020;03018295;03;ALICANTE/ALACANT;03066;ELDA;B2;NIVEL INTERMEDIO;1;ITALIANO;1;10
2020;03018295;03;ALICANTE/ALACANT;03066;ELDA;B2;NIVEL INTERMEDIO;1;VALENCIANO;1;32
2020;03018295;03;ALICANTE/ALACANT;03066;ELDA;B2;NIVEL INTERMEDIO;2;ALEMÁN;1;7
2020;03018295;03;ALICANTE/ALACANT;03066;ELDA;B2;NIVEL INTERMEDIO;2;FRANCÉS;1;10
2020;03018295;03;ALICANTE/ALACANT;03066;ELDA;B2;NIVEL INTERMEDIO;2;INGLÉS;9;196
2020;03018295;03;ALICANTE/ALACANT;03066;ELDA;B2;NIVEL INTERMEDIO;2;ITALIANO;1;6
2020;03018295;03;ALICANTE/ALACANT;03066;ELDA;C1;NIVEL AVANZADO;1;ALEMÁN;1;10
2020;03018295;03;ALICANTE/ALACANT;03066;ELDA;C1;NIVEL AVANZADO;1;FRANCÉS;1;5
2020;03018295;03;ALICANTE/ALACANT;03066;ELDA;C1;NIVEL AVANZADO;1;INGLÉS;9;178
2020;03018295;03;ALICANTE/ALACANT;03066;ELDA;C1;NIVEL AVANZADO;1;ITALIANO;1;7
2020;03018295;03;ALICANTE/ALACANT;03066;ELDA;C1;NIVEL AVANZADO;1;VALENCIANO;4;65
2020;03018295;03;ALICANTE/ALACANT;03066;ELDA;C1;NIVEL AVANZADO;2;INGLÉS;6;108
2020;03018295;03;ALICANTE/ALACANT;03066;ELDA;C2;NIVEL AVANZADO;1;INGLÉS;2;18
2020;03018295;03;ALICANTE/ALACANT;03066;ELDA;C2;NIVEL AVANZADO;1;ITALIANO;1;7
2020;03018295;03;ALICANTE/ALACANT;03066;ELDA;C2;NIVEL AVANZADO;1;VALENCIANO;2;33
2020;03018295;03;ALICANTE/ALACANT;03066;ELDA;C2;NIVEL AVANZADO;2;INGLÉS;2;24
2020;03018295;03;ALICANTE/ALACANT;03066;ELDA;C2;NIVEL AVANZADO;2;VALENCIANO;1;12
2020;03018295;03;ALICANTE/ALACANT;03066;ELDA;COMPLEMENTARIO TIPO A;SIN DEFINIR;A;ALEMÁN;1;1
2020;03018295;03;ALICANTE/ALACANT;03066;ELDA;COMPLEMENTARIO TIPO A;SIN DEFINIR;A;INGLÉS;5;41
2020;03018295;03;ALICANTE/ALACANT;03066;ELDA;COMPLEMENTARIO TIPO B;SIN DEFINIR;B;FRANCÉS;1;3
2020;03018295;03;ALICANTE/ALACANT;03066;ELDA;COMPLEMENTARIO TIPO B;SIN DEFINIR;B;INGLÉS;4;29
2020;03018295;03;ALICANTE/ALACANT;03066;ELDA;COMPLEMENTARIO TIPO B;SIN DEFINIR;B;VALENCIANO;2;4
2020;03018301;03;ALICANTE/ALACANT;03099;ORIHUELA;A2;NIVEL BÁSICO;1;ALEMÁN;4;39
2020;03018301;03;ALICANTE/ALACANT;03099;ORIHUELA;A2;NIVEL BÁSICO;1;FRANCÉS;2;24
2020;03018301;03;ALICANTE/ALACANT;03099;ORIHUELA;A2;NIVEL BÁSICO;1;INGLÉS;5;56
2020;03018301;03;ALICANTE/ALACANT;03099;ORIHUELA;A2;NIVEL BÁSICO;1;VALENCIANO;1;28
2020;03018301;03;ALICANTE/ALACANT;03099;ORIHUELA;A2;NIVEL BÁSICO;2;ALEMÁN;2;23
2020;03018301;03;ALICANTE/ALACANT;03099;ORIHUELA;A2;NIVEL BÁSICO;2;FRANCÉS;1;23
2020;03018301;03;ALICANTE/ALACANT;03099;ORIHUELA;A2;NIVEL BÁSICO;2;INGLÉS;6;76
2020;03018301;03;ALICANTE/ALACANT;03099;ORIHUELA;B1;NIVEL INTERMEDIO;1;ALEMÁN;1;15
2020;03018301;03;ALICANTE/ALACANT;03099;ORIHUELA;B1;NIVEL INTERMEDIO;1;FRANCÉS;1;20
2020;03018301;03;ALICANTE/ALACANT;03099;ORIHUELA;B1;NIVEL INTERMEDIO;1;INGLÉS;7;174
2020;03018301;03;ALICANTE/ALACANT;03099;ORIHUELA;B1;NIVEL INTERMEDIO;1;VALENCIANO;1;15
2020;03018301;03;ALICANTE/ALACANT;03099;ORIHUELA;B1;NIVEL INTERMEDIO;2;ALEMÁN;1;6
2020;03018301;03;ALICANTE/ALACANT;03099;ORIHUELA;B1;NIVEL INTERMEDIO;2;FRANCÉS;1;15
2020;03018301;03;ALICANTE/ALACANT;03099;ORIHUELA;B1;NIVEL INTERMEDIO;2;INGLÉS;6;135
2020;03018301;03;ALICANTE/ALACANT;03099;ORIHUELA;B2;NIVEL INTERMEDIO;1;ALEMÁN;1;4
2020;03018301;03;ALICANTE/ALACANT;03099;ORIHUELA;B2;NIVEL INTERMEDIO;1;FRANCÉS;1;9
2020;03018301;03;ALICANTE/ALACANT;03099;ORIHUELA;B2;NIVEL INTERMEDIO;1;INGLÉS;4;105
2020;03018301;03;ALICANTE/ALACANT;03099;ORIHUELA;B2;NIVEL INTERMEDIO;1;VALENCIANO;1;29
2020;03018301;03;ALICANTE/ALACANT;03099;ORIHUELA;B2;NIVEL INTERMEDIO;2;ALEMÁN;1;9
2020;03018301;03;ALICANTE/ALACANT;03099;ORIHUELA;B2;NIVEL INTERMEDIO;2;FRANCÉS;1;7
2020;03018301;03;ALICANTE/ALACANT;03099;ORIHUELA;B2;NIVEL INTERMEDIO;2;INGLÉS;5;96
2020;03018301;03;ALICANTE/ALACANT;03099;ORIHUELA;C1;NIVEL AVANZADO;1;INGLÉS;2;51
2020;03018301;03;ALICANTE/ALACANT;03099;ORIHUELA;C1;NIVEL AVANZADO;1;VALENCIANO;2;34
2020;03018301;03;ALICANTE/ALACANT;03099;ORIHUELA;C1;NIVEL AVANZADO;2;FRANCÉS;1;12
2020;03018301;03;ALICANTE/ALACANT;03099;ORIHUELA;C1;NIVEL AVANZADO;2;INGLÉS;2;32
2020;03018301;03;ALICANTE/ALACANT;03099;ORIHUELA;C2;NIVEL AVANZADO;1;VALENCIANO;1;16
2020;03018301;03;ALICANTE/ALACANT;03099;ORIHUELA;C2;NIVEL AVANZADO;2;VALENCIANO;2;12
2020;03018301;03;ALICANTE/ALACANT;03099;ORIHUELA;COMPLEMENTARIO TIPO A;SIN DEFINIR;A;INGLÉS;3;16
2020;03018301;03;ALICANTE/ALACANT;03099;ORIHUELA;COMPLEMENTARIO TIPO A;SIN DEFINIR;A;VALENCIANO;1;2
2020;03018301;03;ALICANTE/ALACANT;03099;ORIHUELA;COMPLEMENTARIO TIPO B;SIN DEFINIR;B;FRANCÉS;1;2
2020;03018301;03;ALICANTE/ALACANT;03099;ORIHUELA;COMPLEMENTARIO TIPO B;SIN DEFINIR;B;INGLÉS;2;17
2020;03018313;03;ALICANTE/ALACANT;03122;SANT VICENT DEL RASPEIG/SAN VICENTE DEL RASPEIG;A2;NIVEL BÁSICO;1;ALEMÁN;2;43
2020;03018313;03;ALICANTE/ALACANT;03122;SANT VICENT DEL RASPEIG/SAN VICENTE DEL RASPEIG;A2;NIVEL BÁSICO;1;FRANCÉS;2;63
2020;03018313;03;ALICANTE/ALACANT;03122;SANT VICENT DEL RASPEIG/SAN VICENTE DEL RASPEIG;A2;NIVEL BÁSICO;1;INGLÉS;7;83
2020;03018313;03;ALICANTE/ALACANT;03122;SANT VICENT DEL RASPEIG/SAN VICENTE DEL RASPEIG;A2;NIVEL BÁSICO;2;ALEMÁN;1;19
2020;03018313;03;ALICANTE/ALACANT;03122;SANT VICENT DEL RASPEIG/SAN VICENTE DEL RASPEIG;A2;NIVEL BÁSICO;2;FRANCÉS;1;22
2020;03018313;03;ALICANTE/ALACANT;03122;SANT VICENT DEL RASPEIG/SAN VICENTE DEL RASPEIG;A2;NIVEL BÁSICO;2;INGLÉS;5;136
2020;03018313;03;ALICANTE/ALACANT;03122;SANT VICENT DEL RASPEIG/SAN VICENTE DEL RASPEIG;B1;NIVEL INTERMEDIO;1;ALEMÁN;1;9
2020;03018313;03;ALICANTE/ALACANT;03122;SANT VICENT DEL RASPEIG/SAN VICENTE DEL RASPEIG;B1;NIVEL INTERMEDIO;1;FRANCÉS;1;22
2020;03018313;03;ALICANTE/ALACANT;03122;SANT VICENT DEL RASPEIG/SAN VICENTE DEL RASPEIG;B1;NIVEL INTERMEDIO;1;INGLÉS;8;212
2020;03018313;03;ALICANTE/ALACANT;03122;SANT VICENT DEL RASPEIG/SAN VICENTE DEL RASPEIG;B1;NIVEL INTERMEDIO;2;ALEMÁN;1;8
2020;03018313;03;ALICANTE/ALACANT;03122;SANT VICENT DEL RASPEIG/SAN VICENTE DEL RASPEIG;B1;NIVEL INTERMEDIO;2;FRANCÉS;1;14
2020;03018313;03;ALICANTE/ALACANT;03122;SANT VICENT DEL RASPEIG/SAN VICENTE DEL RASPEIG;B1;NIVEL INTERMEDIO;2;INGLÉS;8;161
2020;03018313;03;ALICANTE/ALACANT;03122;SANT VICENT DEL RASPEIG/SAN VICENTE DEL RASPEIG;B2;NIVEL INTERMEDIO;1;FRANCÉS;2;8
2020;03018313;03;ALICANTE/ALACANT;03122;SANT VICENT DEL RASPEIG/SAN VICENTE DEL RASPEIG;B2;NIVEL INTERMEDIO;1;INGLÉS;7;161
2020;03018313;03;ALICANTE/ALACANT;03122;SANT VICENT DEL RASPEIG/SAN VICENTE DEL RASPEIG;B2;NIVEL INTERMEDIO;1;VALENCIANO;1;28
2020;03018313;03;ALICANTE/ALACANT;03122;SANT VICENT DEL RASPEIG/SAN VICENTE DEL RASPEIG;B2;NIVEL INTERMEDIO;2;INGLÉS;6;127
2020;03018313;03;ALICANTE/ALACANT;03122;SANT VICENT DEL RASPEIG/SAN VICENTE DEL RASPEIG;C1;NIVEL AVANZADO;1;INGLÉS;4;104
2020;03018313;03;ALICANTE/ALACANT;03122;SANT VICENT DEL RASPEIG/SAN VICENTE DEL RASPEIG;C1;NIVEL AVANZADO;1;VALENCIANO;2;35
2020;03018313;03;ALICANTE/ALACANT;03122;SANT VICENT DEL RASPEIG/SAN VICENTE DEL RASPEIG;C1;NIVEL AVANZADO;2;INGLÉS;3;63
2020;03018313;03;ALICANTE/ALACANT;03122;SANT VICENT DEL RASPEIG/SAN VICENTE DEL RASPEIG;C2;NIVEL AVANZADO;1;INGLÉS;1;12
2020;03018313;03;ALICANTE/ALACANT;03122;SANT VICENT DEL RASPEIG/SAN VICENTE DEL RASPEIG;C2;NIVEL AVANZADO;1;VALENCIANO;1;27
2020;03018313;03;ALICANTE/ALACANT;03122;SANT VICENT DEL RASPEIG/SAN VICENTE DEL RASPEIG;COMPLEMENTARIO TIPO A;SIN DEFINIR;A;INGLÉS;4;44
2020;12004311;12;CASTELLÓN/CASTELLÓ;12040;CASTELLÓ DE LA PLANA;A2;NIVEL BÁSICO;1;ALEMÁN;6;100
2020;12004311;12;CASTELLÓN/CASTELLÓ;12040;CASTELLÓ DE LA PLANA;A2;NIVEL BÁSICO;1;CHINO;3;40
2020;12004311;12;CASTELLÓN/CASTELLÓ;12040;CASTELLÓ DE LA PLANA;A2;NIVEL BÁSICO;1;ESPAÑOL COMO LENGUA EXTRANJERA;3;87
2020;12004311;12;CASTELLÓN/CASTELLÓ;12040;CASTELLÓ DE LA PLANA;A2;NIVEL BÁSICO;1;EUSKERA;2;12
2020;12004311;12;CASTELLÓN/CASTELLÓ;12040;CASTELLÓ DE LA PLANA;A2;NIVEL BÁSICO;1;FRANCÉS;8;142
2020;12004311;12;CASTELLÓN/CASTELLÓ;12040;CASTELLÓ DE LA PLANA;A2;NIVEL BÁSICO;1;INGLÉS;14;188
2020;12004311;12;CASTELLÓN/CASTELLÓ;12040;CASTELLÓ DE LA PLANA;A2;NIVEL BÁSICO;1;ITALIANO;4;93
2020;12004311;12;CASTELLÓN/CASTELLÓ;12040;CASTELLÓ DE LA PLANA;A2;NIVEL BÁSICO;1;PORTUGUÉS;2;25
2020;12004311;12;CASTELLÓN/CASTELLÓ;12040;CASTELLÓ DE LA PLANA;A2;NIVEL BÁSICO;1;RUMANO;2;6
2020;12004311;12;CASTELLÓN/CASTELLÓ;12040;CASTELLÓ DE LA PLANA;A2;NIVEL BÁSICO;1;RUSO;3;22
2020;12004311;12;CASTELLÓN/CASTELLÓ;12040;CASTELLÓ DE LA PLANA;A2;NIVEL BÁSICO;1;THAT'S ENGLISH;1;29
2020;12004311;12;CASTELLÓN/CASTELLÓ;12040;CASTELLÓ DE LA PLANA;A2;NIVEL BÁSICO;1;VALENCIANO;2;57
2020;12004311;12;CASTELLÓN/CASTELLÓ;12040;CASTELLÓ DE LA PLANA;A2;NIVEL BÁSICO;1;ÁRABE;2;28
2020;12004311;12;CASTELLÓN/CASTELLÓ;12040;CASTELLÓ DE LA PLANA;A2;NIVEL BÁSICO;2;ALEMÁN;5;45
2020;12004311;12;CASTELLÓN/CASTELLÓ;12040;CASTELLÓ DE LA PLANA;A2;NIVEL BÁSICO;2;CHINO;2;10
2020;12004311;12;CASTELLÓN/CASTELLÓ;12040;CASTELLÓ DE LA PLANA;A2;NIVEL BÁSICO;2;ESPAÑOL COMO LENGUA EXTRANJERA;2;45
2020;12004311;12;CASTELLÓN/CASTELLÓ;12040;CASTELLÓ DE LA PLANA;A2;NIVEL BÁSICO;2;EUSKERA;1;1
2020;12004311;12;CASTELLÓN/CASTELLÓ;12040;CASTELLÓ DE LA PLANA;A2;NIVEL BÁSICO;2;FRANCÉS;5;79
2020;12004311;12;CASTELLÓN/CASTELLÓ;12040;CASTELLÓ DE LA PLANA;A2;NIVEL BÁSICO;2;INGLÉS;10;172
2020;12004311;12;CASTELLÓN/CASTELLÓ;12040;CASTELLÓ DE LA PLANA;A2;NIVEL BÁSICO;2;ITALIANO;3;53
2020;12004311;12;CASTELLÓN/CASTELLÓ;12040;CASTELLÓ DE LA PLANA;A2;NIVEL BÁSICO;2;PORTUGUÉS;1;9
2020;12004311;12;CASTELLÓN/CASTELLÓ;12040;CASTELLÓ DE LA PLANA;A2;NIVEL BÁSICO;2;RUMANO;1;7
2020;12004311;12;CASTELLÓN/CASTELLÓ;12040;CASTELLÓ DE LA PLANA;A2;NIVEL BÁSICO;2;RUSO;1;7
2020;12004311;12;CASTELLÓN/CASTELLÓ;12040;CASTELLÓ DE LA PLANA;A2;NIVEL BÁSICO;2;THAT'S ENGLISH;1;24
2020;12004311;12;CASTELLÓN/CASTELLÓ;12040;CASTELLÓ DE LA PLANA;A2;NIVEL BÁSICO;2;ÁRABE;1;12
2020;12004311;12;CASTELLÓN/CASTELLÓ;12040;CASTELLÓ DE LA PLANA;A2;NIVEL BÁSICO;3;CHINO;1;7
2020;12004311;12;CASTELLÓN/CASTELLÓ;12040;CASTELLÓ DE LA PLANA;A2;NIVEL BÁSICO;3;ÁRABE;1;6
2020;12004311;12;CASTELLÓN/CASTELLÓ;12040;CASTELLÓ DE LA PLANA;B1;NIVEL INTERMEDIO;1;ALEMÁN;3;32
2020;12004311;12;CASTELLÓN/CASTELLÓ;12040;CASTELLÓ DE LA PLANA;B1;NIVEL INTERMEDIO;1;ESPAÑOL COMO LENGUA EXTRANJERA;2;46
2020;12004311;12;CASTELLÓN/CASTELLÓ;12040;CASTELLÓ DE LA PLANA;B1;NIVEL INTERMEDIO;1;EUSKERA;1;5
2020;12004311;12;CASTELLÓN/CASTELLÓ;12040;CASTELLÓ DE LA PLANA;B1;NIVEL INTERMEDIO;1;FRANCÉS;3;64
2020;12004311;12;CASTELLÓN/CASTELLÓ;12040;CASTELLÓ DE LA PLANA;B1;NIVEL INTERMEDIO;1;INGLÉS;20;448
2020;12004311;12;CASTELLÓN/CASTELLÓ;12040;CASTELLÓ DE LA PLANA;B1;NIVEL INTERMEDIO;1;ITALIANO;2;35
2020;12004311;12;CASTELLÓN/CASTELLÓ;12040;CASTELLÓ DE LA PLANA;B1;NIVEL INTERMEDIO;1;PORTUGUÉS;1;8
2020;12004311;12;CASTELLÓN/CASTELLÓ;12040;CASTELLÓ DE LA PLANA;B1;NIVEL INTERMEDIO;1;RUMANO;1;13
2020;12004311;12;CASTELLÓN/CASTELLÓ;12040;CASTELLÓ DE LA PLANA;B1;NIVEL INTERMEDIO;1;RUSO;1;4
2020;12004311;12;CASTELLÓN/CASTELLÓ;12040;CASTELLÓ DE LA PLANA;B1;NIVEL INTERMEDIO;1;THAT'S ENGLISH;1;48
2020;12004311;12;CASTELLÓN/CASTELLÓ;12040;CASTELLÓ DE LA PLANA;B1;NIVEL INTERMEDIO;1;VALENCIANO;2;53
2020;12004311;12;CASTELLÓN/CASTELLÓ;12040;CASTELLÓ DE LA PLANA;B1;NIVEL INTERMEDIO;1;ÁRABE;1;3
2020;12004311;12;CASTELLÓN/CASTELLÓ;12040;CASTELLÓ DE LA PLANA;B1;NIVEL INTERMEDIO;2;ALEMÁN;3;27
2020;12004311;12;CASTELLÓN/CASTELLÓ;12040;CASTELLÓ DE LA PLANA;B1;NIVEL INTERMEDIO;2;CHINO;1;4
2020;12004311;12;CASTELLÓN/CASTELLÓ;12040;CASTELLÓ DE LA PLANA;B1;NIVEL INTERMEDIO;2;FRANCÉS;3;48
2020;12004311;12;CASTELLÓN/CASTELLÓ;12040;CASTELLÓ DE LA PLANA;B1;NIVEL INTERMEDIO;2;INGLÉS;15;270
2020;12004311;12;CASTELLÓN/CASTELLÓ;12040;CASTELLÓ DE LA PLANA;B1;NIVEL INTERMEDIO;2;RUSO;1;6
2020;12004311;12;CASTELLÓN/CASTELLÓ;12040;CASTELLÓ DE LA PLANA;B1;NIVEL INTERMEDIO;2;THAT'S ENGLISH;1;22
2020;12004311;12;CASTELLÓN/CASTELLÓ;12040;CASTELLÓ DE LA PLANA;B1;NIVEL INTERMEDIO;2;ÁRABE;1;2
2021;12004311;12;CASTELLÓN/CASTELLÓ;12040;CASTELLÓ DE LA PLANA;B1;NIVEL INTERMEDIO;3;CHINO;1;8
2021;12004311;12;CASTELLÓN/CASTELLÓ;12040;CASTELLÓ DE LA PLANA;B2;NIVEL INTERMEDIO;1;ALEMÁN;2;24
2021;12004311;12;CASTELLÓN/CASTELLÓ;12040;CASTELLÓ DE LA PLANA;B2;NIVEL INTERMEDIO;1;ESPAÑOL COMO LENGUA EXTRANJERA;2;42
2021;12004311;12;CASTELLÓN/CASTELLÓ;12040;CASTELLÓ DE LA PLANA;B2;NIVEL INTERMEDIO;1;FRANCÉS;3;40
2021;12004311;12;CASTELLÓN/CASTELLÓ;12040;CASTELLÓ DE LA PLANA;B2;NIVEL INTERMEDIO;1;INGLÉS;15;434
2021;12004311;12;CASTELLÓN/CASTELLÓ;12040;CASTELLÓ DE LA PLANA;B2;NIVEL INTERMEDIO;1;ITALIANO;2;21
2020;12004311;12;CASTELLÓN/CASTELLÓ;12040;CASTELLÓ DE LA PLANA;B2;NIVEL INTERMEDIO;1;PORTUGUÉS;1;7
2020;12004311;12;CASTELLÓN/CASTELLÓ;12040;CASTELLÓ DE LA PLANA;B2;NIVEL INTERMEDIO;1;RUSO;1;5
2020;12004311;12;CASTELLÓN/CASTELLÓ;12040;CASTELLÓ DE LA PLANA;B2;NIVEL INTERMEDIO;1;THAT'S ENGLISH;1;32
2020;12004311;12;CASTELLÓN/CASTELLÓ;12040;CASTELLÓ DE LA PLANA;B2;NIVEL INTERMEDIO;1;VALENCIANO;3;95
2020;12004311;12;CASTELLÓN/CASTELLÓ;12040;CASTELLÓ DE LA PLANA;B2;NIVEL INTERMEDIO;1;ÁRABE;1;1
2020;12004311;12;CASTELLÓN/CASTELLÓ;12040;CASTELLÓ DE LA PLANA;B2;NIVEL INTERMEDIO;2;ALEMÁN;2;21
2020;12004311;12;CASTELLÓN/CASTELLÓ;12040;CASTELLÓ DE LA PLANA;B2;NIVEL INTERMEDIO;2;FRANCÉS;2;26
2020;12004311;12;CASTELLÓN/CASTELLÓ;12040;CASTELLÓ DE LA PLANA;B2;NIVEL INTERMEDIO;2;INGLÉS;16;305
2020;12004311;12;CASTELLÓN/CASTELLÓ;12040;CASTELLÓ DE LA PLANA;B2;NIVEL INTERMEDIO;2;ITALIANO;2;26
2020;12004311;12;CASTELLÓN/CASTELLÓ;12040;CASTELLÓ DE LA PLANA;B2;NIVEL INTERMEDIO;2;PORTUGUÉS;1;5
2020;12004311;12;CASTELLÓN/CASTELLÓ;12040;CASTELLÓ DE LA PLANA;B2;NIVEL INTERMEDIO;2;RUSO;1;5
2020;12004311;12;CASTELLÓN/CASTELLÓ;12040;CASTELLÓ DE LA PLANA;B2;NIVEL INTERMEDIO;2;THAT'S ENGLISH;1;17
2020;12004311;12;CASTELLÓN/CASTELLÓ;12040;CASTELLÓ DE LA PLANA;B2;NIVEL INTERMEDIO;2;ÁRABE;1;3
2020;12004311;12;CASTELLÓN/CASTELLÓ;12040;CASTELLÓ DE LA PLANA;C1;NIVEL AVANZADO;1;ALEMÁN;1;18
2020;12004311;12;CASTELLÓN/CASTELLÓ;12040;CASTELLÓ DE LA PLANA;C1;NIVEL AVANZADO;1;ESPAÑOL COMO LENGUA EXTRANJERA;1;13
2020;12004311;12;CASTELLÓN/CASTELLÓ;12040;CASTELLÓ DE LA PLANA;C1;NIVEL AVANZADO;1;FRANCÉS;2;27
2020;12004311;12;CASTELLÓN/CASTELLÓ;12040;CASTELLÓ DE LA PLANA;C1;NIVEL AVANZADO;1;INGLÉS;17;434
2020;12004311;12;CASTELLÓN/CASTELLÓ;12040;CASTELLÓ DE LA PLANA;C1;NIVEL AVANZADO;1;ITALIANO;2;31
2020;12004311;12;CASTELLÓN/CASTELLÓ;12040;CASTELLÓ DE LA PLANA;C1;NIVEL AVANZADO;1;VALENCIANO;6;167
2020;12004311;12;CASTELLÓN/CASTELLÓ;12040;CASTELLÓ DE LA PLANA;C1;NIVEL AVANZADO;2;ALEMÁN;1;3
2020;12004311;12;CASTELLÓN/CASTELLÓ;12040;CASTELLÓ DE LA PLANA;C1;NIVEL AVANZADO;2;FRANCÉS;1;16
2020;12004311;12;CASTELLÓN/CASTELLÓ;12040;CASTELLÓ DE LA PLANA;C1;NIVEL AVANZADO;2;INGLÉS;10;184
2020;12004311;12;CASTELLÓN/CASTELLÓ;12040;CASTELLÓ DE LA PLANA;C2;NIVEL AVANZADO;1;INGLÉS;5;55
2020;12004311;12;CASTELLÓN/CASTELLÓ;12040;CASTELLÓ DE LA PLANA;C2;NIVEL AVANZADO;1;ITALIANO;1;25
2020;12004311;12;CASTELLÓN/CASTELLÓ;12040;CASTELLÓ DE LA PLANA;C2;NIVEL AVANZADO;1;VALENCIANO;5;102
2020;12004311;12;CASTELLÓN/CASTELLÓ;12040;CASTELLÓ DE LA PLANA;C2;NIVEL AVANZADO;2;INGLÉS;4;42
2020;12004311;12;CASTELLÓN/CASTELLÓ;12040;CASTELLÓ DE LA PLANA;C2;NIVEL AVANZADO;2;VALENCIANO;3;49
2020;12004311;12;CASTELLÓN/CASTELLÓ;12040;CASTELLÓ DE LA PLANA;COMPLEMENTARIO TIPO A;SIN DEFINIR;A;ALEMÁN;3;11
2020;12004311;12;CASTELLÓN/CASTELLÓ;12040;CASTELLÓ DE LA PLANA;COMPLEMENTARIO TIPO A;SIN DEFINIR;A;FRANCÉS;4;25
2020;12004311;12;CASTELLÓN/CASTELLÓ;12040;CASTELLÓ DE LA PLANA;COMPLEMENTARIO TIPO A;SIN DEFINIR;A;INGLÉS;17;121
2020;12004311;12;CASTELLÓN/CASTELLÓ;12040;CASTELLÓ DE LA PLANA;COMPLEMENTARIO TIPO A;SIN DEFINIR;A;ITALIANO;2;13
2020;12004311;12;CASTELLÓN/CASTELLÓ;12040;CASTELLÓ DE LA PLANA;COMPLEMENTARIO TIPO A;SIN DEFINIR;A;VALENCIANO;2;2
2020;12004311;12;CASTELLÓN/CASTELLÓ;12040;CASTELLÓ DE LA PLANA;COMPLEMENTARIO TIPO B;SIN DEFINIR;B;INGLÉS;1;1
2020;12007188;12;CASTELLÓN/CASTELLÓ;12135;VILA-REAL;A2;NIVEL BÁSICO;1;ALEMÁN;2;37
2020;12007188;12;CASTELLÓN/CASTELLÓ;12135;VILA-REAL;A2;NIVEL BÁSICO;1;FRANCÉS;3;37
2020;12007188;12;CASTELLÓN/CASTELLÓ;12135;VILA-REAL;A2;NIVEL BÁSICO;1;INGLÉS;8;80
2020;12007188;12;CASTELLÓN/CASTELLÓ;12135;VILA-REAL;A2;NIVEL BÁSICO;1;ITALIANO;1;24
2020;12007188;12;CASTELLÓN/CASTELLÓ;12135;VILA-REAL;A2;NIVEL BÁSICO;1;VALENCIANO;1;8
2020;12007188;12;CASTELLÓN/CASTELLÓ;12135;VILA-REAL;A2;NIVEL BÁSICO;2;ALEMÁN;2;22
2020;12007188;12;CASTELLÓN/CASTELLÓ;12135;VILA-REAL;A2;NIVEL BÁSICO;2;FRANCÉS;3;31
2020;12007188;12;CASTELLÓN/CASTELLÓ;12135;VILA-REAL;A2;NIVEL BÁSICO;2;INGLÉS;8;101
2020;12007188;12;CASTELLÓN/CASTELLÓ;12135;VILA-REAL;A2;NIVEL BÁSICO;2;ITALIANO;1;4
2020;12007188;12;CASTELLÓN/CASTELLÓ;12135;VILA-REAL;B1;NIVEL INTERMEDIO;1;ALEMÁN;1;10
2020;12007188;12;CASTELLÓN/CASTELLÓ;12135;VILA-REAL;B1;NIVEL INTERMEDIO;1;FRANCÉS;1;29
2020;12007188;12;CASTELLÓN/CASTELLÓ;12135;VILA-REAL;B1;NIVEL INTERMEDIO;1;INGLÉS;11;236
2020;12007188;12;CASTELLÓN/CASTELLÓ;12135;VILA-REAL;B1;NIVEL INTERMEDIO;1;ITALIANO;1;11
2020;12007188;12;CASTELLÓN/CASTELLÓ;12135;VILA-REAL;B1;NIVEL INTERMEDIO;2;ALEMÁN;1;10
2020;12007188;12;CASTELLÓN/CASTELLÓ;12135;VILA-REAL;B1;NIVEL INTERMEDIO;2;FRANCÉS;1;7
2020;12007188;12;CASTELLÓN/CASTELLÓ;12135;VILA-REAL;B1;NIVEL INTERMEDIO;2;INGLÉS;10;169
2020;12007188;12;CASTELLÓN/CASTELLÓ;12135;VILA-REAL;B2;NIVEL INTERMEDIO;1;ALEMÁN;1;7
2020;12007188;12;CASTELLÓN/CASTELLÓ;12135;VILA-REAL;B2;NIVEL INTERMEDIO;1;FRANCÉS;1;12
2020;12007188;12;CASTELLÓN/CASTELLÓ;12135;VILA-REAL;B2;NIVEL INTERMEDIO;1;INGLÉS;9;193
2020;12007188;12;CASTELLÓN/CASTELLÓ;12135;VILA-REAL;B2;NIVEL INTERMEDIO;1;ITALIANO;1;4
2020;12007188;12;CASTELLÓN/CASTELLÓ;12135;VILA-REAL;B2;NIVEL INTERMEDIO;1;VALENCIANO;1;23
2020;12007188;12;CASTELLÓN/CASTELLÓ;12135;VILA-REAL;B2;NIVEL INTERMEDIO;2;ALEMÁN;1;3
2020;12007188;12;CASTELLÓN/CASTELLÓ;12135;VILA-REAL;B2;NIVEL INTERMEDIO;2;FRANCÉS;1;12
2020;12007188;12;CASTELLÓN/CASTELLÓ;12135;VILA-REAL;B2;NIVEL INTERMEDIO;2;INGLÉS;7;133
2020;12007188;12;CASTELLÓN/CASTELLÓ;12135;VILA-REAL;B2;NIVEL INTERMEDIO;2;ITALIANO;1;10
2020;12007188;12;CASTELLÓN/CASTELLÓ;12135;VILA-REAL;C1;NIVEL AVANZADO;1;INGLÉS;7;143
2020;12007188;12;CASTELLÓN/CASTELLÓ;12135;VILA-REAL;C1;NIVEL AVANZADO;1;VALENCIANO;1;24
2020;12007188;12;CASTELLÓN/CASTELLÓ;12135;VILA-REAL;C1;NIVEL AVANZADO;2;INGLÉS;5;67
2020;12007188;12;CASTELLÓN/CASTELLÓ;12135;VILA-REAL;C2;NIVEL AVANZADO;1;INGLÉS;1;1
2020;12007188;12;CASTELLÓN/CASTELLÓ;12135;VILA-REAL;C2;NIVEL AVANZADO;1;VALENCIANO;1;21
2020;12007188;12;CASTELLÓN/CASTELLÓ;12135;VILA-REAL;C2;NIVEL AVANZADO;2;INGLÉS;1;20
2020;12007188;12;CASTELLÓN/CASTELLÓ;12135;VILA-REAL;C2;NIVEL AVANZADO;2;VALENCIANO;1;12
2020;12007188;12;CASTELLÓN/CASTELLÓ;12135;VILA-REAL;COMPLEMENTARIO TIPO A;SIN DEFINIR;A;INGLÉS;10;44
2020;12007279;12;CASTELLÓN/CASTELLÓ;12138;VINARÒS;A2;NIVEL BÁSICO;1;ALEMÁN;1;13
2020;12007279;12;CASTELLÓN/CASTELLÓ;12138;VINARÒS;A2;NIVEL BÁSICO;1;FRANCÉS;2;25
2020;12007279;12;CASTELLÓN/CASTELLÓ;12138;VINARÒS;A2;NIVEL BÁSICO;1;INGLÉS;2;29
2020;12007279;12;CASTELLÓN/CASTELLÓ;12138;VINARÒS;A2;NIVEL BÁSICO;2;ALEMÁN;1;6
2020;12007279;12;CASTELLÓN/CASTELLÓ;12138;VINARÒS;A2;NIVEL BÁSICO;2;FRANCÉS;1;12
2020;12007279;12;CASTELLÓN/CASTELLÓ;12138;VINARÒS;A2;NIVEL BÁSICO;2;INGLÉS;3;24
2020;12007279;12;CASTELLÓN/CASTELLÓ;12138;VINARÒS;B1;NIVEL INTERMEDIO;1;FRANCÉS;1;8
2020;12007279;12;CASTELLÓN/CASTELLÓ;12138;VINARÒS;B1;NIVEL INTERMEDIO;1;INGLÉS;4;73
2020;12007279;12;CASTELLÓN/CASTELLÓ;12138;VINARÒS;B1;NIVEL INTERMEDIO;2;ALEMÁN;1;10
2020;12007279;12;CASTELLÓN/CASTELLÓ;12138;VINARÒS;B1;NIVEL INTERMEDIO;2;FRANCÉS;1;16
2020;12007279;12;CASTELLÓN/CASTELLÓ;12138;VINARÒS;B1;NIVEL INTERMEDIO;2;INGLÉS;3;39
2020;12007279;12;CASTELLÓN/CASTELLÓ;12138;VINARÒS;B2;NIVEL INTERMEDIO;1;ALEMÁN;1;2
2020;12007279;12;CASTELLÓN/CASTELLÓ;12138;VINARÒS;B2;NIVEL INTERMEDIO;1;FRANCÉS;1;6
2020;12007279;12;CASTELLÓN/CASTELLÓ;12138;VINARÒS;B2;NIVEL INTERMEDIO;1;INGLÉS;2;33
2020;12007279;12;CASTELLÓN/CASTELLÓ;12138;VINARÒS;B2;NIVEL INTERMEDIO;2;INGLÉS;2;46
2020;12007279;12;CASTELLÓN/CASTELLÓ;12138;VINARÒS;C1;NIVEL AVANZADO;1;INGLÉS;2;33
2020;12007279;12;CASTELLÓN/CASTELLÓ;12138;VINARÒS;C1;NIVEL AVANZADO;2;INGLÉS;1;13
2020;12007279;12;CASTELLÓN/CASTELLÓ;12138;VINARÒS;C2;NIVEL AVANZADO;1;INGLÉS;1;14
2020;12007279;12;CASTELLÓN/CASTELLÓ;12138;VINARÒS;C2;NIVEL AVANZADO;2;INGLÉS;1;12
2020;12007279;12;CASTELLÓN/CASTELLÓ;12138;VINARÒS;COMPLEMENTARIO TIPO A;SIN DEFINIR;A;INGLÉS;1;8
2020;46013220;46;VALENCIA/VALÈNCIA;46250;VALÈNCIA;A2;NIVEL BÁSICO;1;ALEMÁN;12;277
2020;46013220;46;VALENCIA/VALÈNCIA;46250;VALÈNCIA;A2;NIVEL BÁSICO;1;CHINO;3;77
2020;46013220;46;VALENCIA/VALÈNCIA;46250;VALÈNCIA;A2;NIVEL BÁSICO;1;ESPAÑOL COMO LENGUA EXTRANJERA;3;92
2020;46013220;46;VALENCIA/VALÈNCIA;46250;VALÈNCIA;A2;NIVEL BÁSICO;1;EUSKERA;2;17
2020;46013220;46;VALENCIA/VALÈNCIA;46250;VALÈNCIA;A2;NIVEL BÁSICO;1;FINÉS;2;13
2020;46013220;46;VALENCIA/VALÈNCIA;46250;VALÈNCIA;A2;NIVEL BÁSICO;1;FRANCÉS;8;204
2020;46013220;46;VALENCIA/VALÈNCIA;46250;VALÈNCIA;A2;NIVEL BÁSICO;1;GRIEGO;2;19
2020;46013220;46;VALENCIA/VALÈNCIA;46250;VALÈNCIA;A2;NIVEL BÁSICO;1;INGLÉS;10;266
2020;46013220;46;VALENCIA/VALÈNCIA;46250;VALÈNCIA;A2;NIVEL BÁSICO;1;ITALIANO;9;220
2020;46013220;46;VALENCIA/VALÈNCIA;46250;VALÈNCIA;A2;NIVEL BÁSICO;1;JAPONÉS;4;110
2020;46013220;46;VALENCIA/VALÈNCIA;46250;VALÈNCIA;A2;NIVEL BÁSICO;1;NEERLANDÉS;2;20
2020;46013220;46;VALENCIA/VALÈNCIA;46250;VALÈNCIA;A2;NIVEL BÁSICO;1;POLACO;2;11
2020;46013220;46;VALENCIA/VALÈNCIA;46250;VALÈNCIA;A2;NIVEL BÁSICO;1;PORTUGUÉS;5;102
2020;46013220;46;VALENCIA/VALÈNCIA;46250;VALÈNCIA;A2;NIVEL BÁSICO;1;RUSO;5;72
2020;46013220;46;VALENCIA/VALÈNCIA;46250;VALÈNCIA;A2;NIVEL BÁSICO;1;THAT'S ENGLISH;5;137
2020;46013220;46;VALENCIA/VALÈNCIA;46250;VALÈNCIA;A2;NIVEL BÁSICO;1;VALENCIANO;4;90
2020;46013220;46;VALENCIA/VALÈNCIA;46250;VALÈNCIA;A2;NIVEL BÁSICO;1;ÁRABE;7;102
2020;46013220;46;VALENCIA/VALÈNCIA;46250;VALÈNCIA;A2;NIVEL BÁSICO;2;ALEMÁN;7;146
2020;46013220;46;VALENCIA/VALÈNCIA;46250;VALÈNCIA;A2;NIVEL BÁSICO;2;CHINO;3;42
2020;46013220;46;VALENCIA/VALÈNCIA;46250;VALÈNCIA;A2;NIVEL BÁSICO;2;ESPAÑOL COMO LENGUA EXTRANJERA;4;105
2020;46013220;46;VALENCIA/VALÈNCIA;46250;VALÈNCIA;A2;NIVEL BÁSICO;2;EUSKERA;1;9
2020;46013220;46;VALENCIA/VALÈNCIA;46250;VALÈNCIA;A2;NIVEL BÁSICO;2;FINÉS;1;10
2020;46013220;46;VALENCIA/VALÈNCIA;46250;VALÈNCIA;A2;NIVEL BÁSICO;2;FRANCÉS;7;130
2020;46013220;46;VALENCIA/VALÈNCIA;46250;VALÈNCIA;A2;NIVEL BÁSICO;2;GRIEGO;1;9
2020;46013220;46;VALENCIA/VALÈNCIA;46250;VALÈNCIA;A2;NIVEL BÁSICO;2;INGLÉS;9;236
2020;46013220;46;VALENCIA/VALÈNCIA;46250;VALÈNCIA;A2;NIVEL BÁSICO;2;ITALIANO;6;117
2020;46013220;46;VALENCIA/VALÈNCIA;46250;VALÈNCIA;A2;NIVEL BÁSICO;2;JAPONÉS;2;46
2020;46013220;46;VALENCIA/VALÈNCIA;46250;VALÈNCIA;A2;NIVEL BÁSICO;2;NEERLANDÉS;1;15
2020;46013220;46;VALENCIA/VALÈNCIA;46250;VALÈNCIA;A2;NIVEL BÁSICO;2;POLACO;1;13
2020;46013220;46;VALENCIA/VALÈNCIA;46250;VALÈNCIA;A2;NIVEL BÁSICO;2;PORTUGUÉS;3;46
2020;46013220;46;VALENCIA/VALÈNCIA;46250;VALÈNCIA;A2;NIVEL BÁSICO;2;RUSO;2;46
2020;46013220;46;VALENCIA/VALÈNCIA;46250;VALÈNCIA;A2;NIVEL BÁSICO;2;THAT'S ENGLISH;5;85
2020;46013220;46;VALENCIA/VALÈNCIA;46250;VALÈNCIA;A2;NIVEL BÁSICO;2;ÁRABE;3;52
2020;46013220;46;VALENCIA/VALÈNCIA;46250;VALÈNCIA;A2;NIVEL BÁSICO;3;CHINO;1;35
2020;46013220;46;VALENCIA/VALÈNCIA;46250;VALÈNCIA;A2;NIVEL BÁSICO;3;JAPONÉS;1;27
2020;46013220;46;VALENCIA/VALÈNCIA;46250;VALÈNCIA;A2;NIVEL BÁSICO;3;ÁRABE;2;24
2020;46013220;46;VALENCIA/VALÈNCIA;46250;VALÈNCIA;B1;NIVEL INTERMEDIO;1;ALEMÁN;4;79
2020;46013220;46;VALENCIA/VALÈNCIA;46250;VALÈNCIA;B1;NIVEL INTERMEDIO;1;CHINO;1;5
2020;46013220;46;VALENCIA/VALÈNCIA;46250;VALÈNCIA;B1;NIVEL INTERMEDIO;1;ESPAÑOL COMO LENGUA EXTRANJERA;4;109
2020;46013220;46;VALENCIA/VALÈNCIA;46250;VALÈNCIA;B1;NIVEL INTERMEDIO;1;EUSKERA;1;11
2020;46013220;46;VALENCIA/VALÈNCIA;46250;VALÈNCIA;B1;NIVEL INTERMEDIO;1;FINÉS;1;9
2020;46013220;46;VALENCIA/VALÈNCIA;46250;VALÈNCIA;B1;NIVEL INTERMEDIO;1;FRANCÉS;7;173
2020;46013220;46;VALENCIA/VALÈNCIA;46250;VALÈNCIA;B1;NIVEL INTERMEDIO;1;GRIEGO;1;6
2020;46013220;46;VALENCIA/VALÈNCIA;46250;VALÈNCIA;B1;NIVEL INTERMEDIO;1;INGLÉS;15;379
2020;46013220;46;VALENCIA/VALÈNCIA;46250;VALÈNCIA;B1;NIVEL INTERMEDIO;1;ITALIANO;4;81
2020;46013220;46;VALENCIA/VALÈNCIA;46250;VALÈNCIA;B1;NIVEL INTERMEDIO;1;JAPONÉS;1;2
2020;46013220;46;VALENCIA/VALÈNCIA;46250;VALÈNCIA;B1;NIVEL INTERMEDIO;1;NEERLANDÉS;1;11
2020;46013220;46;VALENCIA/VALÈNCIA;46250;VALÈNCIA;B1;NIVEL INTERMEDIO;1;POLACO;1;19
2020;46013220;46;VALENCIA/VALÈNCIA;46250;VALÈNCIA;B1;NIVEL INTERMEDIO;1;PORTUGUÉS;2;33
2020;46013220;46;VALENCIA/VALÈNCIA;46250;VALÈNCIA;B1;NIVEL INTERMEDIO;1;RUSO;2;25
2020;46013220;46;VALENCIA/VALÈNCIA;46250;VALÈNCIA;B1;NIVEL INTERMEDIO;1;THAT'S ENGLISH;6;176
2020;46013220;46;VALENCIA/VALÈNCIA;46250;VALÈNCIA;B1;NIVEL INTERMEDIO;1;VALENCIANO;4;100
2020;46013220;46;VALENCIA/VALÈNCIA;46250;VALÈNCIA;B1;NIVEL INTERMEDIO;2;ALEMÁN;3;52
2020;46013220;46;VALENCIA/VALÈNCIA;46250;VALÈNCIA;B1;NIVEL INTERMEDIO;2;CHINO;1;16
2020;46013220;46;VALENCIA/VALÈNCIA;46250;VALÈNCIA;B1;NIVEL INTERMEDIO;2;EUSKERA;1;11
2020;46013220;46;VALENCIA/VALÈNCIA;46250;VALÈNCIA;B1;NIVEL INTERMEDIO;2;FRANCÉS;7;124
2020;46013220;46;VALENCIA/VALÈNCIA;46250;VALÈNCIA;B1;NIVEL INTERMEDIO;2;GRIEGO;1;16
2020;46013220;46;VALENCIA/VALÈNCIA;46250;VALÈNCIA;B1;NIVEL INTERMEDIO;2;INGLÉS;12;312
2020;46013220;46;VALENCIA/VALÈNCIA;46250;VALÈNCIA;B1;NIVEL INTERMEDIO;2;JAPONÉS;1;12
2020;46013220;46;VALENCIA/VALÈNCIA;46250;VALÈNCIA;B1;NIVEL INTERMEDIO;2;RUSO;1;17
2020;46013220;46;VALENCIA/VALÈNCIA;46250;VALÈNCIA;B1;NIVEL INTERMEDIO;2;THAT'S ENGLISH;4;119
2020;46013220;46;VALENCIA/VALÈNCIA;46250;VALÈNCIA;B1;NIVEL INTERMEDIO;2;ÁRABE;1;18
2020;46013220;46;VALENCIA/VALÈNCIA;46250;VALÈNCIA;B1;NIVEL INTERMEDIO;3;CHINO;1;19
2020;46013220;46;VALENCIA/VALÈNCIA;46250;VALÈNCIA;B1;NIVEL INTERMEDIO;3;JAPONÉS;1;11
2020;46013220;46;VALENCIA/VALÈNCIA;46250;VALÈNCIA;B2;NIVEL INTERMEDIO;1;ALEMÁN;2;57
2020;46013220;46;VALENCIA/VALÈNCIA;46250;VALÈNCIA;B2;NIVEL INTERMEDIO;1;ESPAÑOL COMO LENGUA EXTRANJERA;5;116
2020;46013220;46;VALENCIA/VALÈNCIA;46250;VALÈNCIA;B2;NIVEL INTERMEDIO;1;EUSKERA;1;8
2020;46013220;46;VALENCIA/VALÈNCIA;46250;VALÈNCIA;B2;NIVEL INTERMEDIO;1;FRANCÉS;7;128
2020;46013220;46;VALENCIA/VALÈNCIA;46250;VALÈNCIA;B2;NIVEL INTERMEDIO;1;GRIEGO;1;15
2020;46013220;46;VALENCIA/VALÈNCIA;46250;VALÈNCIA;B2;NIVEL INTERMEDIO;1;INGLÉS;14;373
2020;46013220;46;VALENCIA/VALÈNCIA;46250;VALÈNCIA;B2;NIVEL INTERMEDIO;1;ITALIANO;4;96
2020;46013220;46;VALENCIA/VALÈNCIA;46250;VALÈNCIA;B2;NIVEL INTERMEDIO;1;PORTUGUÉS;2;24
2020;46013220;46;VALENCIA/VALÈNCIA;46250;VALÈNCIA;B2;NIVEL INTERMEDIO;1;RUSO;1;9
2020;46013220;46;VALENCIA/VALÈNCIA;46250;VALÈNCIA;B2;NIVEL INTERMEDIO;1;THAT'S ENGLISH;3;115
2020;46013220;46;VALENCIA/VALÈNCIA;46250;VALÈNCIA;B2;NIVEL INTERMEDIO;1;VALENCIANO;4;105
2020;46013220;46;VALENCIA/VALÈNCIA;46250;VALÈNCIA;B2;NIVEL INTERMEDIO;1;ÁRABE;1;7
2020;46013220;46;VALENCIA/VALÈNCIA;46250;VALÈNCIA;B2;NIVEL INTERMEDIO;2;ALEMÁN;2;21
2020;46013220;46;VALENCIA/VALÈNCIA;46250;VALÈNCIA;B2;NIVEL INTERMEDIO;2;CHINO;1;15
2020;46013220;46;VALENCIA/VALÈNCIA;46250;VALÈNCIA;B2;NIVEL INTERMEDIO;2;FRANCÉS;5;110
2020;46013220;46;VALENCIA/VALÈNCIA;46250;VALÈNCIA;B2;NIVEL INTERMEDIO;2;INGLÉS;15;347
2020;46013220;46;VALENCIA/VALÈNCIA;46250;VALÈNCIA;B2;NIVEL INTERMEDIO;2;ITALIANO;2;43
2020;46013220;46;VALENCIA/VALÈNCIA;46250;VALÈNCIA;B2;NIVEL INTERMEDIO;2;PORTUGUÉS;2;33
2020;46013220;46;VALENCIA/VALÈNCIA;46250;VALÈNCIA;B2;NIVEL INTERMEDIO;2;RUSO;1;4
2020;46013220;46;VALENCIA/VALÈNCIA;46250;VALÈNCIA;B2;NIVEL INTERMEDIO;2;THAT'S ENGLISH;2;81
2020;46013220;46;VALENCIA/VALÈNCIA;46250;VALÈNCIA;B2;NIVEL INTERMEDIO;2;ÁRABE;1;6
2020;46013220;46;VALENCIA/VALÈNCIA;46250;VALÈNCIA;C1;NIVEL AVANZADO;1;ALEMÁN;2;30
2020;46013220;46;VALENCIA/VALÈNCIA;46250;VALÈNCIA;C1;NIVEL AVANZADO;1;ESPAÑOL COMO LENGUA EXTRANJERA;2;51
2020;46013220;46;VALENCIA/VALÈNCIA;46250;VALÈNCIA;C1;NIVEL AVANZADO;1;FRANCÉS;4;96
2020;46013220;46;VALENCIA/VALÈNCIA;46250;VALÈNCIA;C1;NIVEL AVANZADO;1;INGLÉS;16;417
2020;46013220;46;VALENCIA/VALÈNCIA;46250;VALÈNCIA;C1;NIVEL AVANZADO;1;ITALIANO;2;50
2020;46013220;46;VALENCIA/VALÈNCIA;46250;VALÈNCIA;C1;NIVEL AVANZADO;1;PORTUGUÉS;1;25
2020;46013220;46;VALENCIA/VALÈNCIA;46250;VALÈNCIA;C1;NIVEL AVANZADO;1;VALENCIANO;4;105
2020;46013220;46;VALENCIA/VALÈNCIA;46250;VALÈNCIA;C1;NIVEL AVANZADO;2;ALEMÁN;2;26
2020;46013220;46;VALENCIA/VALÈNCIA;46250;VALÈNCIA;C1;NIVEL AVANZADO;2;FRANCÉS;3;38
2020;46013220;46;VALENCIA/VALÈNCIA;46250;VALÈNCIA;C1;NIVEL AVANZADO;2;INGLÉS;6;155
2020;46013220;46;VALENCIA/VALÈNCIA;46250;VALÈNCIA;C2;NIVEL AVANZADO;1;ALEMÁN;1;7
2020;46013220;46;VALENCIA/VALÈNCIA;46250;VALÈNCIA;C2;NIVEL AVANZADO;1;ESPAÑOL COMO LENGUA EXTRANJERA;1;23
2020;46013220;46;VALENCIA/VALÈNCIA;46250;VALÈNCIA;C2;NIVEL AVANZADO;1;FRANCÉS;1;17
2020;46013220;46;VALENCIA/VALÈNCIA;46250;VALÈNCIA;C2;NIVEL AVANZADO;1;INGLÉS;4;101
2020;46013220;46;VALENCIA/VALÈNCIA;46250;VALÈNCIA;C2;NIVEL AVANZADO;1;VALENCIANO;3;83
2020;46013220;46;VALENCIA/VALÈNCIA;46250;VALÈNCIA;C2;NIVEL AVANZADO;2;ALEMÁN;1;5
2020;46013220;46;VALENCIA/VALÈNCIA;46250;VALÈNCIA;C2;NIVEL AVANZADO;2;FRANCÉS;2;17
2020;46013220;46;VALENCIA/VALÈNCIA;46250;VALÈNCIA;C2;NIVEL AVANZADO;2;INGLÉS;2;51
2020;46013220;46;VALENCIA/VALÈNCIA;46250;VALÈNCIA;C2;NIVEL AVANZADO;2;VALENCIANO;3;45
2020;46013220;46;VALENCIA/VALÈNCIA;46250;VALÈNCIA;COMPLEMENTARIO TIPO A;SIN DEFINIR;A;ALEMÁN;7;35
2020;46013220;46;VALENCIA/VALÈNCIA;46250;VALÈNCIA;COMPLEMENTARIO TIPO A;SIN DEFINIR;A;ESPAÑOL COMO LENGUA EXTRANJERA;4;36
2020;46013220;46;VALENCIA/VALÈNCIA;46250;VALÈNCIA;COMPLEMENTARIO TIPO A;SIN DEFINIR;A;FRANCÉS;10;42
2020;46013220;46;VALENCIA/VALÈNCIA;46250;VALÈNCIA;COMPLEMENTARIO TIPO A;SIN DEFINIR;A;INGLÉS;19;192
2020;46013220;46;VALENCIA/VALÈNCIA;46250;VALÈNCIA;COMPLEMENTARIO TIPO A;SIN DEFINIR;A;ITALIANO;1;2
2020;46013220;46;VALENCIA/VALÈNCIA;46250;VALÈNCIA;COMPLEMENTARIO TIPO A;SIN DEFINIR;A;JAPONÉS;1;7
2020;46013220;46;VALENCIA/VALÈNCIA;46250;VALÈNCIA;COMPLEMENTARIO TIPO A;SIN DEFINIR;A;PORTUGUÉS;1;1
2020;46013220;46;VALENCIA/VALÈNCIA;46250;VALÈNCIA;COMPLEMENTARIO TIPO A;SIN DEFINIR;A;RUSO;1;1
2020;46013220;46;VALENCIA/VALÈNCIA;46250;VALÈNCIA;COMPLEMENTARIO TIPO A;SIN DEFINIR;A;VALENCIANO;3;16
2020;46013220;46;VALENCIA/VALÈNCIA;46250;VALÈNCIA;COMPLEMENTARIO TIPO A;SIN DEFINIR;A;ÁRABE;3;18
2020;46018382;46;VALENCIA/VALÈNCIA;46017;ALZIRA;A2;NIVEL BÁSICO;1;ALEMÁN;3;42
2020;46018382;46;VALENCIA/VALÈNCIA;46017;ALZIRA;A2;NIVEL BÁSICO;1;FRANCÉS;5;54
2020;46018382;46;VALENCIA/VALÈNCIA;46017;ALZIRA;A2;NIVEL BÁSICO;1;INGLÉS;6;99
2020;46018382;46;VALENCIA/VALÈNCIA;46017;ALZIRA;A2;NIVEL BÁSICO;1;ITALIANO;3;56
2020;46018382;46;VALENCIA/VALÈNCIA;46017;ALZIRA;A2;NIVEL BÁSICO;2;ALEMÁN;2;23
2020;46018382;46;VALENCIA/VALÈNCIA;46017;ALZIRA;A2;NIVEL BÁSICO;2;FRANCÉS;3;27
2020;46018382;46;VALENCIA/VALÈNCIA;46017;ALZIRA;A2;NIVEL BÁSICO;2;INGLÉS;7;102
2020;46018382;46;VALENCIA/VALÈNCIA;46017;ALZIRA;A2;NIVEL BÁSICO;2;ITALIANO;3;30
2020;46018382;46;VALENCIA/VALÈNCIA;46017;ALZIRA;B1;NIVEL INTERMEDIO;1;ALEMÁN;2;33
2020;46018382;46;VALENCIA/VALÈNCIA;46017;ALZIRA;B1;NIVEL INTERMEDIO;1;FRANCÉS;2;33
2020;46018382;46;VALENCIA/VALÈNCIA;46017;ALZIRA;B1;NIVEL INTERMEDIO;1;INGLÉS;9;210
2020;46018382;46;VALENCIA/VALÈNCIA;46017;ALZIRA;B1;NIVEL INTERMEDIO;1;ITALIANO;2;23
2020;46018382;46;VALENCIA/VALÈNCIA;46017;ALZIRA;B1;NIVEL INTERMEDIO;2;ALEMÁN;1;13
2020;46018382;46;VALENCIA/VALÈNCIA;46017;ALZIRA;B1;NIVEL INTERMEDIO;2;FRANCÉS;2;17
2020;46018382;46;VALENCIA/VALÈNCIA;46017;ALZIRA;B1;NIVEL INTERMEDIO;2;INGLÉS;11;168
2020;46018382;46;VALENCIA/VALÈNCIA;46017;ALZIRA;B2;NIVEL INTERMEDIO;1;ALEMÁN;1;14
2020;46018382;46;VALENCIA/VALÈNCIA;46017;ALZIRA;B2;NIVEL INTERMEDIO;1;FRANCÉS;1;15
2020;46018382;46;VALENCIA/VALÈNCIA;46017;ALZIRA;B2;NIVEL INTERMEDIO;1;INGLÉS;9;159
2020;46018382;46;VALENCIA/VALÈNCIA;46017;ALZIRA;B2;NIVEL INTERMEDIO;1;ITALIANO;1;30
2020;46018382;46;VALENCIA/VALÈNCIA;46017;ALZIRA;B2;NIVEL INTERMEDIO;1;VALENCIANO;1;29
2020;46018382;46;VALENCIA/VALÈNCIA;46017;ALZIRA;B2;NIVEL INTERMEDIO;2;FRANCÉS;1;12
2020;46018382;46;VALENCIA/VALÈNCIA;46017;ALZIRA;B2;NIVEL INTERMEDIO;2;INGLÉS;8;126
2020;46018382;46;VALENCIA/VALÈNCIA;46017;ALZIRA;B2;NIVEL INTERMEDIO;2;ITALIANO;1;9
2020;46018382;46;VALENCIA/VALÈNCIA;46017;ALZIRA;C1;NIVEL AVANZADO;1;INGLÉS;7;160
2020;46018382;46;VALENCIA/VALÈNCIA;46017;ALZIRA;C1;NIVEL AVANZADO;1;ITALIANO;1;20
2020;46018382;46;VALENCIA/VALÈNCIA;46017;ALZIRA;C1;NIVEL AVANZADO;1;VALENCIANO;2;57
2020;46018382;46;VALENCIA/VALÈNCIA;46017;ALZIRA;C1;NIVEL AVANZADO;2;INGLÉS;3;57
2020;46018382;46;VALENCIA/VALÈNCIA;46017;ALZIRA;C2;NIVEL AVANZADO;1;INGLÉS;1;27
2020;46018382;46;VALENCIA/VALÈNCIA;46017;ALZIRA;C2;NIVEL AVANZADO;1;VALENCIANO;3;52
2020;46018382;46;VALENCIA/VALÈNCIA;46017;ALZIRA;C2;NIVEL AVANZADO;2;INGLÉS;1;14
2020;46018382;46;VALENCIA/VALÈNCIA;46017;ALZIRA;C2;NIVEL AVANZADO;2;VALENCIANO;2;27
2020;46018382;46;VALENCIA/VALÈNCIA;46017;ALZIRA;COMPLEMENTARIO TIPO A;SIN DEFINIR;A;INGLÉS;5;43
2020;46018394;46;VALENCIA/VALÈNCIA;46131;GANDIA;A2;NIVEL BÁSICO;1;ALEMÁN;6;74
2020;46018394;46;VALENCIA/VALÈNCIA;46131;GANDIA;A2;NIVEL BÁSICO;1;ESPAÑOL COMO LENGUA EXTRANJERA;4;46
2020;46018394;46;VALENCIA/VALÈNCIA;46131;GANDIA;A2;NIVEL BÁSICO;1;FRANCÉS;4;104
2020;46018394;46;VALENCIA/VALÈNCIA;46131;GANDIA;A2;NIVEL BÁSICO;1;INGLÉS;11;256
2020;46018394;46;VALENCIA/VALÈNCIA;46131;GANDIA;A2;NIVEL BÁSICO;1;ITALIANO;4;52
2020;46018394;46;VALENCIA/VALÈNCIA;46131;GANDIA;A2;NIVEL BÁSICO;1;THAT'S ENGLISH;1;27
2020;46018394;46;VALENCIA/VALÈNCIA;46131;GANDIA;A2;NIVEL BÁSICO;2;ALEMÁN;3;33
2020;46018394;46;VALENCIA/VALÈNCIA;46131;GANDIA;A2;NIVEL BÁSICO;2;ESPAÑOL COMO LENGUA EXTRANJERA;3;68
2020;46018394;46;VALENCIA/VALÈNCIA;46131;GANDIA;A2;NIVEL BÁSICO;2;FRANCÉS;4;50
2020;46018394;46;VALENCIA/VALÈNCIA;46131;GANDIA;A2;NIVEL BÁSICO;2;INGLÉS;9;190
2020;46018394;46;VALENCIA/VALÈNCIA;46131;GANDIA;A2;NIVEL BÁSICO;2;ITALIANO;3;27
2020;46018394;46;VALENCIA/VALÈNCIA;46131;GANDIA;A2;NIVEL BÁSICO;2;THAT'S ENGLISH;1;20
2020;46018394;46;VALENCIA/VALÈNCIA;46131;GANDIA;B1;NIVEL INTERMEDIO;1;ALEMÁN;2;18
2020;46018394;46;VALENCIA/VALÈNCIA;46131;GANDIA;B1;NIVEL INTERMEDIO;1;ESPAÑOL COMO LENGUA EXTRANJERA;2;41
2020;46018394;46;VALENCIA/VALÈNCIA;46131;GANDIA;B1;NIVEL INTERMEDIO;1;FRANCÉS;4;42
2020;46018394;46;VALENCIA/VALÈNCIA;46131;GANDIA;B1;NIVEL INTERMEDIO;1;INGLÉS;10;283
2020;46018394;46;VALENCIA/VALÈNCIA;46131;GANDIA;B1;NIVEL INTERMEDIO;1;ITALIANO;2;24
2020;46018394;46;VALENCIA/VALÈNCIA;46131;GANDIA;B1;NIVEL INTERMEDIO;2;ALEMÁN;1;15
2020;46018394;46;VALENCIA/VALÈNCIA;46131;GANDIA;B1;NIVEL INTERMEDIO;2;FRANCÉS;2;36
2020;46018394;46;VALENCIA/VALÈNCIA;46131;GANDIA;B1;NIVEL INTERMEDIO;2;INGLÉS;10;206
2020;46018394;46;VALENCIA/VALÈNCIA;46131;GANDIA;B2;NIVEL INTERMEDIO;1;ALEMÁN;1;9
2020;46018394;46;VALENCIA/VALÈNCIA;46131;GANDIA;B2;NIVEL INTERMEDIO;1;ESPAÑOL COMO LENGUA EXTRANJERA;2;29
2020;46018394;46;VALENCIA/VALÈNCIA;46131;GANDIA;B2;NIVEL INTERMEDIO;1;FRANCÉS;1;9
2020;46018394;46;VALENCIA/VALÈNCIA;46131;GANDIA;B2;NIVEL INTERMEDIO;1;INGLÉS;9;217
2020;46018394;46;VALENCIA/VALÈNCIA;46131;GANDIA;B2;NIVEL INTERMEDIO;1;ITALIANO;1;19
2020;46018394;46;VALENCIA/VALÈNCIA;46131;GANDIA;B2;NIVEL INTERMEDIO;1;VALENCIANO;1;29
2020;46018394;46;VALENCIA/VALÈNCIA;46131;GANDIA;B2;NIVEL INTERMEDIO;2;ALEMÁN;1;8
2020;46018394;46;VALENCIA/VALÈNCIA;46131;GANDIA;B2;NIVEL INTERMEDIO;2;FRANCÉS;1;11
2020;46018394;46;VALENCIA/VALÈNCIA;46131;GANDIA;B2;NIVEL INTERMEDIO;2;INGLÉS;9;200
2020;46018394;46;VALENCIA/VALÈNCIA;46131;GANDIA;C1;NIVEL AVANZADO;1;ALEMÁN;1;10
2020;46018394;46;VALENCIA/VALÈNCIA;46131;GANDIA;C1;NIVEL AVANZADO;1;ESPAÑOL COMO LENGUA EXTRANJERA;1;8
2020;46018394;46;VALENCIA/VALÈNCIA;46131;GANDIA;C1;NIVEL AVANZADO;1;FRANCÉS;1;9
2020;46018394;46;VALENCIA/VALÈNCIA;46131;GANDIA;C1;NIVEL AVANZADO;1;INGLÉS;10;239
2020;46018394;46;VALENCIA/VALÈNCIA;46131;GANDIA;C1;NIVEL AVANZADO;1;ITALIANO;1;3
2020;46018394;46;VALENCIA/VALÈNCIA;46131;GANDIA;C1;NIVEL AVANZADO;1;VALENCIANO;2;50
2020;46018394;46;VALENCIA/VALÈNCIA;46131;GANDIA;C1;NIVEL AVANZADO;2;INGLÉS;8;145
2020;46018394;46;VALENCIA/VALÈNCIA;46131;GANDIA;C2;NIVEL AVANZADO;1;INGLÉS;2;28
2020;46018394;46;VALENCIA/VALÈNCIA;46131;GANDIA;C2;NIVEL AVANZADO;1;ITALIANO;1;10
2020;46018394;46;VALENCIA/VALÈNCIA;46131;GANDIA;C2;NIVEL AVANZADO;1;VALENCIANO;3;69
2020;46018394;46;VALENCIA/VALÈNCIA;46131;GANDIA;C2;NIVEL AVANZADO;2;INGLÉS;2;16
2020;46018394;46;VALENCIA/VALÈNCIA;46131;GANDIA;C2;NIVEL AVANZADO;2;VALENCIANO;2;34
2020;46018394;46;VALENCIA/VALÈNCIA;46131;GANDIA;COMPLEMENTARIO TIPO A;SIN DEFINIR;A;FRANCÉS;2;4
2020;46018394;46;VALENCIA/VALÈNCIA;46131;GANDIA;COMPLEMENTARIO TIPO A;SIN DEFINIR;A;INGLÉS;2;13
2020;46018394;46;VALENCIA/VALÈNCIA;46131;GANDIA;COMPLEMENTARIO TIPO B;SIN DEFINIR;B;INGLÉS;8;61
2020;46020546;46;VALENCIA/VALÈNCIA;46102;QUART DE POBLET;A2;NIVEL BÁSICO;1;ALEMÁN;4;61
2020;46020546;46;VALENCIA/VALÈNCIA;46102;QUART DE POBLET;A2;NIVEL BÁSICO;1;FRANCÉS;5;79
2020;46020546;46;VALENCIA/VALÈNCIA;46102;QUART DE POBLET;A2;NIVEL BÁSICO;1;INGLÉS;6;156
2020;46020546;46;VALENCIA/VALÈNCIA;46102;QUART DE POBLET;A2;NIVEL BÁSICO;1;ITALIANO;3;65
2020;46020546;46;VALENCIA/VALÈNCIA;46102;QUART DE POBLET;A2;NIVEL BÁSICO;1;THAT'S ENGLISH;2;46
2020;46020546;46;VALENCIA/VALÈNCIA;46102;QUART DE POBLET;A2;NIVEL BÁSICO;2;ALEMÁN;3;39
2020;46020546;46;VALENCIA/VALÈNCIA;46102;QUART DE POBLET;A2;NIVEL BÁSICO;2;FRANCÉS;3;58
2020;46020546;46;VALENCIA/VALÈNCIA;46102;QUART DE POBLET;A2;NIVEL BÁSICO;2;INGLÉS;8;190
2020;46020546;46;VALENCIA/VALÈNCIA;46102;QUART DE POBLET;A2;NIVEL BÁSICO;2;ITALIANO;2;38
2020;46020546;46;VALENCIA/VALÈNCIA;46102;QUART DE POBLET;A2;NIVEL BÁSICO;2;THAT'S ENGLISH;1;39
2020;46020546;46;VALENCIA/VALÈNCIA;46102;QUART DE POBLET;B1;NIVEL INTERMEDIO;1;ALEMÁN;1;21
2020;46020546;46;VALENCIA/VALÈNCIA;46102;QUART DE POBLET;B1;NIVEL INTERMEDIO;1;FRANCÉS;2;38
2020;46020546;46;VALENCIA/VALÈNCIA;46102;QUART DE POBLET;B1;NIVEL INTERMEDIO;1;INGLÉS;10;286
2020;46020546;46;VALENCIA/VALÈNCIA;46102;QUART DE POBLET;B1;NIVEL INTERMEDIO;1;ITALIANO;2;39
2020;46020546;46;VALENCIA/VALÈNCIA;46102;QUART DE POBLET;B1;NIVEL INTERMEDIO;1;THAT'S ENGLISH;3;82
2020;46020546;46;VALENCIA/VALÈNCIA;46102;QUART DE POBLET;B1;NIVEL INTERMEDIO;2;ALEMÁN;1;15
2020;46020546;46;VALENCIA/VALÈNCIA;46102;QUART DE POBLET;B1;NIVEL INTERMEDIO;2;FRANCÉS;3;41
2020;46020546;46;VALENCIA/VALÈNCIA;46102;QUART DE POBLET;B1;NIVEL INTERMEDIO;2;INGLÉS;10;231
2020;46020546;46;VALENCIA/VALÈNCIA;46102;QUART DE POBLET;B1;NIVEL INTERMEDIO;2;THAT'S ENGLISH;1;41
2020;46020546;46;VALENCIA/VALÈNCIA;46102;QUART DE POBLET;B2;NIVEL INTERMEDIO;1;ALEMÁN;1;18
2020;46020546;46;VALENCIA/VALÈNCIA;46102;QUART DE POBLET;B2;NIVEL INTERMEDIO;1;FRANCÉS;2;37
2020;46020546;46;VALENCIA/VALÈNCIA;46102;QUART DE POBLET;B2;NIVEL INTERMEDIO;1;INGLÉS;7;202
2020;46020546;46;VALENCIA/VALÈNCIA;46102;QUART DE POBLET;B2;NIVEL INTERMEDIO;1;ITALIANO;2;34
2020;46020546;46;VALENCIA/VALÈNCIA;46102;QUART DE POBLET;B2;NIVEL INTERMEDIO;1;THAT'S ENGLISH;2;63
2020;46020546;46;VALENCIA/VALÈNCIA;46102;QUART DE POBLET;B2;NIVEL INTERMEDIO;1;VALENCIANO;1;33
2020;46020546;46;VALENCIA/VALÈNCIA;46102;QUART DE POBLET;B2;NIVEL INTERMEDIO;2;ALEMÁN;1;24
2020;46020546;46;VALENCIA/VALÈNCIA;46102;QUART DE POBLET;B2;NIVEL INTERMEDIO;2;FRANCÉS;1;14
2020;46020546;46;VALENCIA/VALÈNCIA;46102;QUART DE POBLET;B2;NIVEL INTERMEDIO;2;INGLÉS;6;155
2020;46020546;46;VALENCIA/VALÈNCIA;46102;QUART DE POBLET;B2;NIVEL INTERMEDIO;2;ITALIANO;1;30
2020;46020546;46;VALENCIA/VALÈNCIA;46102;QUART DE POBLET;B2;NIVEL INTERMEDIO;2;THAT'S ENGLISH;1;37
2020;46020546;46;VALENCIA/VALÈNCIA;46102;QUART DE POBLET;C1;NIVEL AVANZADO;1;ALEMÁN;1;18
2020;46020546;46;VALENCIA/VALÈNCIA;46102;QUART DE POBLET;C1;NIVEL AVANZADO;1;FRANCÉS;2;25
2020;46020546;46;VALENCIA/VALÈNCIA;46102;QUART DE POBLET;C1;NIVEL AVANZADO;1;INGLÉS;7;162
2020;46020546;46;VALENCIA/VALÈNCIA;46102;QUART DE POBLET;C1;NIVEL AVANZADO;1;ITALIANO;1;24
2020;46020546;46;VALENCIA/VALÈNCIA;46102;QUART DE POBLET;C1;NIVEL AVANZADO;1;VALENCIANO;2;48
2020;46020546;46;VALENCIA/VALÈNCIA;46102;QUART DE POBLET;C1;NIVEL AVANZADO;2;FRANCÉS;1;12
2020;46020546;46;VALENCIA/VALÈNCIA;46102;QUART DE POBLET;C1;NIVEL AVANZADO;2;INGLÉS;4;94
2020;46020546;46;VALENCIA/VALÈNCIA;46102;QUART DE POBLET;C2;NIVEL AVANZADO;1;INGLÉS;1;24
2020;46020546;46;VALENCIA/VALÈNCIA;46102;QUART DE POBLET;C2;NIVEL AVANZADO;1;ITALIANO;1;22
2020;46020546;46;VALENCIA/VALÈNCIA;46102;QUART DE POBLET;C2;NIVEL AVANZADO;1;VALENCIANO;3;77
2020;46020546;46;VALENCIA/VALÈNCIA;46102;QUART DE POBLET;C2;NIVEL AVANZADO;2;INGLÉS;1;18
2020;46020546;46;VALENCIA/VALÈNCIA;46102;QUART DE POBLET;C2;NIVEL AVANZADO;2;VALENCIANO;2;33
2020;46020546;46;VALENCIA/VALÈNCIA;46102;QUART DE POBLET;COMPLEMENTARIO TIPO A;SIN DEFINIR;A;ALEMÁN;1;9
2020;46020546;46;VALENCIA/VALÈNCIA;46102;QUART DE POBLET;COMPLEMENTARIO TIPO A;SIN DEFINIR;A;FRANCÉS;3;16
2020;46020546;46;VALENCIA/VALÈNCIA;46102;QUART DE POBLET;COMPLEMENTARIO TIPO A;SIN DEFINIR;A;INGLÉS;5;49
2020;46020546;46;VALENCIA/VALÈNCIA;46102;QUART DE POBLET;COMPLEMENTARIO TIPO A;SIN DEFINIR;A;ITALIANO;2;21
2020;46020546;46;VALENCIA/VALÈNCIA;46102;QUART DE POBLET;COMPLEMENTARIO TIPO A;SIN DEFINIR;A;VALENCIANO;1;9
2020;46020546;46;VALENCIA/VALÈNCIA;46102;QUART DE POBLET;COMPLEMENTARIO TIPO B;SIN DEFINIR;B;ALEMÁN;1;3
2020;46020546;46;VALENCIA/VALÈNCIA;46102;QUART DE POBLET;COMPLEMENTARIO TIPO B;SIN DEFINIR;B;INGLÉS;3;28
2020;46020558;46;VALENCIA/VALÈNCIA;46220;SAGUNT/SAGUNTO;A2;NIVEL BÁSICO;1;ALEMÁN;3;67
2020;46020558;46;VALENCIA/VALÈNCIA;46220;SAGUNT/SAGUNTO;A2;NIVEL BÁSICO;1;ESPAÑOL COMO LENGUA EXTRANJERA;2;49
2020;46020558;46;VALENCIA/VALÈNCIA;46220;SAGUNT/SAGUNTO;A2;NIVEL BÁSICO;1;FRANCÉS;4;56
2020;46020558;46;VALENCIA/VALÈNCIA;46220;SAGUNT/SAGUNTO;A2;NIVEL BÁSICO;1;INGLÉS;7;131
2020;46020558;46;VALENCIA/VALÈNCIA;46220;SAGUNT/SAGUNTO;A2;NIVEL BÁSICO;1;ITALIANO;4;42
2020;46020558;46;VALENCIA/VALÈNCIA;46220;SAGUNT/SAGUNTO;A2;NIVEL BÁSICO;1;THAT'S ENGLISH;1;19
2020;46020558;46;VALENCIA/VALÈNCIA;46220;SAGUNT/SAGUNTO;A2;NIVEL BÁSICO;1;VALENCIANO;1;23
2020;46020558;46;VALENCIA/VALÈNCIA;46220;SAGUNT/SAGUNTO;A2;NIVEL BÁSICO;2;ALEMÁN;2;14
2020;46020558;46;VALENCIA/VALÈNCIA;46220;SAGUNT/SAGUNTO;A2;NIVEL BÁSICO;2;ESPAÑOL COMO LENGUA EXTRANJERA;2;33
2020;46020558;46;VALENCIA/VALÈNCIA;46220;SAGUNT/SAGUNTO;A2;NIVEL BÁSICO;2;FRANCÉS;3;26
2020;46020558;46;VALENCIA/VALÈNCIA;46220;SAGUNT/SAGUNTO;A2;NIVEL BÁSICO;2;INGLÉS;5;125
2020;46020558;46;VALENCIA/VALÈNCIA;46220;SAGUNT/SAGUNTO;A2;NIVEL BÁSICO;2;ITALIANO;2;25
2020;46020558;46;VALENCIA/VALÈNCIA;46220;SAGUNT/SAGUNTO;A2;NIVEL BÁSICO;2;THAT'S ENGLISH;1;14
2020;46020558;46;VALENCIA/VALÈNCIA;46220;SAGUNT/SAGUNTO;B1;NIVEL INTERMEDIO;1;ALEMÁN;2;14
2020;46020558;46;VALENCIA/VALÈNCIA;46220;SAGUNT/SAGUNTO;B1;NIVEL INTERMEDIO;1;ESPAÑOL COMO LENGUA EXTRANJERA;2;42
2020;46020558;46;VALENCIA/VALÈNCIA;46220;SAGUNT/SAGUNTO;B1;NIVEL INTERMEDIO;1;FRANCÉS;2;37
2020;46020558;46;VALENCIA/VALÈNCIA;46220;SAGUNT/SAGUNTO;B1;NIVEL INTERMEDIO;1;INGLÉS;9;249
2020;46020558;46;VALENCIA/VALÈNCIA;46220;SAGUNT/SAGUNTO;B1;NIVEL INTERMEDIO;1;ITALIANO;2;14
2020;46020558;46;VALENCIA/VALÈNCIA;46220;SAGUNT/SAGUNTO;B1;NIVEL INTERMEDIO;1;THAT'S ENGLISH;1;37
2020;46020558;46;VALENCIA/VALÈNCIA;46220;SAGUNT/SAGUNTO;B1;NIVEL INTERMEDIO;1;VALENCIANO;1;17
2020;46020558;46;VALENCIA/VALÈNCIA;46220;SAGUNT/SAGUNTO;B1;NIVEL INTERMEDIO;2;ALEMÁN;1;17
2020;46020558;46;VALENCIA/VALÈNCIA;46220;SAGUNT/SAGUNTO;B1;NIVEL INTERMEDIO;2;FRANCÉS;1;11
2020;46020558;46;VALENCIA/VALÈNCIA;46220;SAGUNT/SAGUNTO;B1;NIVEL INTERMEDIO;2;INGLÉS;9;182
2020;46020558;46;VALENCIA/VALÈNCIA;46220;SAGUNT/SAGUNTO;B1;NIVEL INTERMEDIO;2;THAT'S ENGLISH;1;20
2020;46020558;46;VALENCIA/VALÈNCIA;46220;SAGUNT/SAGUNTO;B2;NIVEL INTERMEDIO;1;ALEMÁN;1;7
2020;46020558;46;VALENCIA/VALÈNCIA;46220;SAGUNT/SAGUNTO;B2;NIVEL INTERMEDIO;1;ESPAÑOL COMO LENGUA EXTRANJERA;1;20
2020;46020558;46;VALENCIA/VALÈNCIA;46220;SAGUNT/SAGUNTO;B2;NIVEL INTERMEDIO;1;FRANCÉS;2;28
2020;46020558;46;VALENCIA/VALÈNCIA;46220;SAGUNT/SAGUNTO;B2;NIVEL INTERMEDIO;1;INGLÉS;8;188
2020;46020558;46;VALENCIA/VALÈNCIA;46220;SAGUNT/SAGUNTO;B2;NIVEL INTERMEDIO;1;ITALIANO;1;10
2020;46020558;46;VALENCIA/VALÈNCIA;46220;SAGUNT/SAGUNTO;B2;NIVEL INTERMEDIO;1;THAT'S ENGLISH;1;18
2020;46020558;46;VALENCIA/VALÈNCIA;46220;SAGUNT/SAGUNTO;B2;NIVEL INTERMEDIO;1;VALENCIANO;1;33
2020;46020558;46;VALENCIA/VALÈNCIA;46220;SAGUNT/SAGUNTO;B2;NIVEL INTERMEDIO;2;ALEMÁN;1;8
2020;46020558;46;VALENCIA/VALÈNCIA;46220;SAGUNT/SAGUNTO;B2;NIVEL INTERMEDIO;2;FRANCÉS;1;10
2020;46020558;46;VALENCIA/VALÈNCIA;46220;SAGUNT/SAGUNTO;B2;NIVEL INTERMEDIO;2;INGLÉS;8;176
2020;46020558;46;VALENCIA/VALÈNCIA;46220;SAGUNT/SAGUNTO;B2;NIVEL INTERMEDIO;2;ITALIANO;1;8
2020;46020558;46;VALENCIA/VALÈNCIA;46220;SAGUNT/SAGUNTO;B2;NIVEL INTERMEDIO;2;THAT'S ENGLISH;1;13
2020;46020558;46;VALENCIA/VALÈNCIA;46220;SAGUNT/SAGUNTO;C1;NIVEL AVANZADO;1;FRANCÉS;1;8
2020;46020558;46;VALENCIA/VALÈNCIA;46220;SAGUNT/SAGUNTO;C1;NIVEL AVANZADO;1;INGLÉS;9;215
2020;46020558;46;VALENCIA/VALÈNCIA;46220;SAGUNT/SAGUNTO;C1;NIVEL AVANZADO;1;ITALIANO;1;12
2020;46020558;46;VALENCIA/VALÈNCIA;46220;SAGUNT/SAGUNTO;C1;NIVEL AVANZADO;1;VALENCIANO;2;41
2020;46020558;46;VALENCIA/VALÈNCIA;46220;SAGUNT/SAGUNTO;C1;NIVEL AVANZADO;2;FRANCÉS;1;3
2020;46020558;46;VALENCIA/VALÈNCIA;46220;SAGUNT/SAGUNTO;C1;NIVEL AVANZADO;2;INGLÉS;5;94
2020;46020558;46;VALENCIA/VALÈNCIA;46220;SAGUNT/SAGUNTO;C2;NIVEL AVANZADO;1;INGLÉS;2;30
2020;46020558;46;VALENCIA/VALÈNCIA;46220;SAGUNT/SAGUNTO;C2;NIVEL AVANZADO;1;VALENCIANO;3;62
2020;46020558;46;VALENCIA/VALÈNCIA;46220;SAGUNT/SAGUNTO;C2;NIVEL AVANZADO;2;FRANCÉS;1;10
2020;46020558;46;VALENCIA/VALÈNCIA;46220;SAGUNT/SAGUNTO;C2;NIVEL AVANZADO;2;INGLÉS;2;18
2020;46020558;46;VALENCIA/VALÈNCIA;46220;SAGUNT/SAGUNTO;C2;NIVEL AVANZADO;2;VALENCIANO;2;28
2020;46020558;46;VALENCIA/VALÈNCIA;46220;SAGUNT/SAGUNTO;COMPLEMENTARIO TIPO A;SIN DEFINIR;A;ALEMÁN;1;2
2020;46020558;46;VALENCIA/VALÈNCIA;46220;SAGUNT/SAGUNTO;COMPLEMENTARIO TIPO A;SIN DEFINIR;A;FRANCÉS;1;1
2020;46020558;46;VALENCIA/VALÈNCIA;46220;SAGUNT/SAGUNTO;COMPLEMENTARIO TIPO A;SIN DEFINIR;A;INGLÉS;7;35
2020;46020558;46;VALENCIA/VALÈNCIA;46220;SAGUNT/SAGUNTO;COMPLEMENTARIO TIPO A;SIN DEFINIR;A;VALENCIANO;1;3
2020;46020558;46;VALENCIA/VALÈNCIA;46220;SAGUNT/SAGUNTO;COMPLEMENTARIO TIPO B;SIN DEFINIR;B;VALENCIANO;1;3
2020;46024217;46;VALENCIA/VALÈNCIA;46249;UTIEL;A2;NIVEL BÁSICO;1;ALEMÁN;1;3
2020;46024217;46;VALENCIA/VALÈNCIA;46249;UTIEL;A2;NIVEL BÁSICO;1;FRANCÉS;2;18
2020;46024217;46;VALENCIA/VALÈNCIA;46249;UTIEL;A2;NIVEL BÁSICO;1;INGLÉS;3;25
2020;46024217;46;VALENCIA/VALÈNCIA;46249;UTIEL;A2;NIVEL BÁSICO;1;VALENCIANO;1;18
2020;46024217;46;VALENCIA/VALÈNCIA;46249;UTIEL;A2;NIVEL BÁSICO;2;ALEMÁN;1;2
2020;46024217;46;VALENCIA/VALÈNCIA;46249;UTIEL;A2;NIVEL BÁSICO;2;FRANCÉS;2;9
2020;46024217;46;VALENCIA/VALÈNCIA;46249;UTIEL;A2;NIVEL BÁSICO;2;INGLÉS;5;42
2020;46024217;46;VALENCIA/VALÈNCIA;46249;UTIEL;B1;NIVEL INTERMEDIO;1;ALEMÁN;1;8
2020;46024217;46;VALENCIA/VALÈNCIA;46249;UTIEL;B1;NIVEL INTERMEDIO;1;FRANCÉS;2;16
2020;46024217;46;VALENCIA/VALÈNCIA;46249;UTIEL;B1;NIVEL INTERMEDIO;1;INGLÉS;7;126
2020;46024217;46;VALENCIA/VALÈNCIA;46249;UTIEL;B1;NIVEL INTERMEDIO;1;VALENCIANO;1;20
2020;46024217;46;VALENCIA/VALÈNCIA;46249;UTIEL;B1;NIVEL INTERMEDIO;2;FRANCÉS;2;6
2020;46024217;46;VALENCIA/VALÈNCIA;46249;UTIEL;B1;NIVEL INTERMEDIO;2;INGLÉS;6;75
2020;46024217;46;VALENCIA/VALÈNCIA;46249;UTIEL;B2;NIVEL INTERMEDIO;1;ALEMÁN;1;9
2020;46024217;46;VALENCIA/VALÈNCIA;46249;UTIEL;B2;NIVEL INTERMEDIO;1;INGLÉS;4;65
2020;46024217;46;VALENCIA/VALÈNCIA;46249;UTIEL;B2;NIVEL INTERMEDIO;1;VALENCIANO;2;24
2020;46024217;46;VALENCIA/VALÈNCIA;46249;UTIEL;B2;NIVEL INTERMEDIO;2;FRANCÉS;1;5
2020;46024217;46;VALENCIA/VALÈNCIA;46249;UTIEL;B2;NIVEL INTERMEDIO;2;INGLÉS;4;66
2020;46024217;46;VALENCIA/VALÈNCIA;46249;UTIEL;C1;NIVEL AVANZADO;1;INGLÉS;4;40
2020;46024217;46;VALENCIA/VALÈNCIA;46249;UTIEL;C1;NIVEL AVANZADO;1;VALENCIANO;2;15
2020;46024217;46;VALENCIA/VALÈNCIA;46249;UTIEL;C1;NIVEL AVANZADO;2;INGLÉS;4;28
2020;46024217;46;VALENCIA/VALÈNCIA;46249;UTIEL;C2;NIVEL AVANZADO;1;VALENCIANO;1;21
2020;46024217;46;VALENCIA/VALÈNCIA;46249;UTIEL;C2;NIVEL AVANZADO;2;VALENCIANO;1;14
2020;46024217;46;VALENCIA/VALÈNCIA;46249;UTIEL;COMPLEMENTARIO TIPO A;SIN DEFINIR;A;INGLÉS;4;22
2020;46027127;46;VALENCIA/VALÈNCIA;46250;VALÈNCIA;A2;NIVEL BÁSICO;1;ALEMÁN;2;77
2020;46027127;46;VALENCIA/VALÈNCIA;46250;VALÈNCIA;A2;NIVEL BÁSICO;1;FRANCÉS;6;139
2020;46027127;46;VALENCIA/VALÈNCIA;46250;VALÈNCIA;A2;NIVEL BÁSICO;1;INGLÉS;11;259
2020;46027127;46;VALENCIA/VALÈNCIA;46250;VALÈNCIA;A2;NIVEL BÁSICO;1;ITALIANO;3;83
2020;46027127;46;VALENCIA/VALÈNCIA;46250;VALÈNCIA;A2;NIVEL BÁSICO;1;VALENCIANO;1;36
2020;46027127;46;VALENCIA/VALÈNCIA;46250;VALÈNCIA;A2;NIVEL BÁSICO;2;ALEMÁN;2;58
2020;46027127;46;VALENCIA/VALÈNCIA;46250;VALÈNCIA;A2;NIVEL BÁSICO;2;FRANCÉS;5;66
2020;46027127;46;VALENCIA/VALÈNCIA;46250;VALÈNCIA;A2;NIVEL BÁSICO;2;INGLÉS;7;213
2020;46027127;46;VALENCIA/VALÈNCIA;46250;VALÈNCIA;A2;NIVEL BÁSICO;2;ITALIANO;2;47
2020;46027127;46;VALENCIA/VALÈNCIA;46250;VALÈNCIA;B1;NIVEL INTERMEDIO;1;ALEMÁN;1;23
2020;46027127;46;VALENCIA/VALÈNCIA;46250;VALÈNCIA;B1;NIVEL INTERMEDIO;1;FRANCÉS;1;33
2020;46027127;46;VALENCIA/VALÈNCIA;46250;VALÈNCIA;B1;NIVEL INTERMEDIO;1;INGLÉS;12;364
2020;46027127;46;VALENCIA/VALÈNCIA;46250;VALÈNCIA;B1;NIVEL INTERMEDIO;1;ITALIANO;1;16
2020;46027127;46;VALENCIA/VALÈNCIA;46250;VALÈNCIA;B1;NIVEL INTERMEDIO;1;VALENCIANO;1;25
2020;46027127;46;VALENCIA/VALÈNCIA;46250;VALÈNCIA;B1;NIVEL INTERMEDIO;2;ALEMÁN;1;20
2020;46027127;46;VALENCIA/VALÈNCIA;46250;VALÈNCIA;B1;NIVEL INTERMEDIO;2;FRANCÉS;1;26
2020;46027127;46;VALENCIA/VALÈNCIA;46250;VALÈNCIA;B1;NIVEL INTERMEDIO;2;INGLÉS;9;237
2020;46027127;46;VALENCIA/VALÈNCIA;46250;VALÈNCIA;B2;NIVEL INTERMEDIO;1;FRANCÉS;1;23
2020;46027127;46;VALENCIA/VALÈNCIA;46250;VALÈNCIA;B2;NIVEL INTERMEDIO;1;INGLÉS;6;185
2020;46027127;46;VALENCIA/VALÈNCIA;46250;VALÈNCIA;B2;NIVEL INTERMEDIO;1;ITALIANO;1;25
2020;46027127;46;VALENCIA/VALÈNCIA;46250;VALÈNCIA;B2;NIVEL INTERMEDIO;1;VALENCIANO;1;35
2020;46027127;46;VALENCIA/VALÈNCIA;46250;VALÈNCIA;B2;NIVEL INTERMEDIO;2;FRANCÉS;1;19
2020;46027127;46;VALENCIA/VALÈNCIA;46250;VALÈNCIA;B2;NIVEL INTERMEDIO;2;INGLÉS;4;130
2020;46027127;46;VALENCIA/VALÈNCIA;46250;VALÈNCIA;B2;NIVEL INTERMEDIO;2;ITALIANO;1;11
2020;46027127;46;VALENCIA/VALÈNCIA;46250;VALÈNCIA;C1;NIVEL AVANZADO;1;INGLÉS;5;130
2020;46027127;46;VALENCIA/VALÈNCIA;46250;VALÈNCIA;C1;NIVEL AVANZADO;1;VALENCIANO;2;41
2020;46027127;46;VALENCIA/VALÈNCIA;46250;VALÈNCIA;C1;NIVEL AVANZADO;2;INGLÉS;3;79
2020;46027127;46;VALENCIA/VALÈNCIA;46250;VALÈNCIA;C2;NIVEL AVANZADO;1;INGLÉS;1;29
2020;46027127;46;VALENCIA/VALÈNCIA;46250;VALÈNCIA;C2;NIVEL AVANZADO;1;VALENCIANO;2;45
2020;46027127;46;VALENCIA/VALÈNCIA;46250;VALÈNCIA;C2;NIVEL AVANZADO;2;INGLÉS;1;18
2020;46027127;46;VALENCIA/VALÈNCIA;46250;VALÈNCIA;C2;NIVEL AVANZADO;2;VALENCIANO;1;16
2020;46027127;46;VALENCIA/VALÈNCIA;46250;VALÈNCIA;COMPLEMENTARIO TIPO A;SIN DEFINIR;A;FRANCÉS;2;9
2020;46027127;46;VALENCIA/VALÈNCIA;46250;VALÈNCIA;COMPLEMENTARIO TIPO A;SIN DEFINIR;A;INGLÉS;7;78
2020;46027127;46;VALENCIA/VALÈNCIA;46250;VALÈNCIA;COMPLEMENTARIO TIPO B;SIN DEFINIR;B;ALEMÁN;1;9
2020;46027127;46;VALENCIA/VALÈNCIA;46250;VALÈNCIA;COMPLEMENTARIO TIPO B;SIN DEFINIR;B;INGLÉS;3;20
2020;46027127;46;VALENCIA/VALÈNCIA;46250;VALÈNCIA;COMPLEMENTARIO TIPO B;SIN DEFINIR;B;ITALIANO;1;4
2020;46028661;46;VALENCIA/VALÈNCIA;46145;XÀTIVA;A2;NIVEL BÁSICO;1;ALEMÁN;2;39
2020;46028661;46;VALENCIA/VALÈNCIA;46145;XÀTIVA;A2;NIVEL BÁSICO;1;FRANCÉS;4;52
2020;46028661;46;VALENCIA/VALÈNCIA;46145;XÀTIVA;A2;NIVEL BÁSICO;1;INGLÉS;4;107
2020;46028661;46;VALENCIA/VALÈNCIA;46145;XÀTIVA;A2;NIVEL BÁSICO;2;ALEMÁN;3;21
2020;46028661;46;VALENCIA/VALÈNCIA;46145;XÀTIVA;A2;NIVEL BÁSICO;2;FRANCÉS;3;27
2020;46028661;46;VALENCIA/VALÈNCIA;46145;XÀTIVA;A2;NIVEL BÁSICO;2;INGLÉS;4;81
2020;46028661;46;VALENCIA/VALÈNCIA;46145;XÀTIVA;B1;NIVEL INTERMEDIO;1;ALEMÁN;2;16
2020;46028661;46;VALENCIA/VALÈNCIA;46145;XÀTIVA;B1;NIVEL INTERMEDIO;1;FRANCÉS;2;33
2020;46028661;46;VALENCIA/VALÈNCIA;46145;XÀTIVA;B1;NIVEL INTERMEDIO;1;INGLÉS;10;268
2020;46028661;46;VALENCIA/VALÈNCIA;46145;XÀTIVA;B1;NIVEL INTERMEDIO;2;ALEMÁN;2;13
2020;46028661;46;VALENCIA/VALÈNCIA;46145;XÀTIVA;B1;NIVEL INTERMEDIO;2;FRANCÉS;1;18
2020;46028661;46;VALENCIA/VALÈNCIA;46145;XÀTIVA;B1;NIVEL INTERMEDIO;2;INGLÉS;10;210
2020;46028661;46;VALENCIA/VALÈNCIA;46145;XÀTIVA;B2;NIVEL INTERMEDIO;1;ALEMÁN;1;10
2020;46028661;46;VALENCIA/VALÈNCIA;46145;XÀTIVA;B2;NIVEL INTERMEDIO;1;FRANCÉS;1;15
2020;46028661;46;VALENCIA/VALÈNCIA;46145;XÀTIVA;B2;NIVEL INTERMEDIO;1;INGLÉS;8;200
2020;46028661;46;VALENCIA/VALÈNCIA;46145;XÀTIVA;B2;NIVEL INTERMEDIO;2;ALEMÁN;1;8
2020;46028661;46;VALENCIA/VALÈNCIA;46145;XÀTIVA;B2;NIVEL INTERMEDIO;2;FRANCÉS;1;8
2020;46028661;46;VALENCIA/VALÈNCIA;46145;XÀTIVA;B2;NIVEL INTERMEDIO;2;INGLÉS;9;196
2020;46028661;46;VALENCIA/VALÈNCIA;46145;XÀTIVA;C1;NIVEL AVANZADO;1;INGLÉS;7;147
2020;46028661;46;VALENCIA/VALÈNCIA;46145;XÀTIVA;C1;NIVEL AVANZADO;1;VALENCIANO;4;86
2020;46028661;46;VALENCIA/VALÈNCIA;46145;XÀTIVA;C1;NIVEL AVANZADO;2;INGLÉS;4;68
2020;46028661;46;VALENCIA/VALÈNCIA;46145;XÀTIVA;C2;NIVEL AVANZADO;1;INGLÉS;2;24
2020;46028661;46;VALENCIA/VALÈNCIA;46145;XÀTIVA;C2;NIVEL AVANZADO;2;INGLÉS;1;18
2020;46028661;46;VALENCIA/VALÈNCIA;46145;XÀTIVA;C2;NIVEL AVANZADO;2;VALENCIANO;4;48
2020;46028661;46;VALENCIA/VALÈNCIA;46145;XÀTIVA;COMPLEMENTARIO TIPO A;SIN DEFINIR;A;ALEMÁN;1;5
2020;46028661;46;VALENCIA/VALÈNCIA;46145;XÀTIVA;COMPLEMENTARIO TIPO A;SIN DEFINIR;A;INGLÉS;2;22
2020;46028661;46;VALENCIA/VALÈNCIA;46145;XÀTIVA;COMPLEMENTARIO TIPO B;SIN DEFINIR;B;INGLÉS;10;136
2020;46031313;46;VALENCIA/VALÈNCIA;46147;LLÍRIA;A2;NIVEL BÁSICO;1;ALEMÁN;3;22
2020;46031313;46;VALENCIA/VALÈNCIA;46147;LLÍRIA;A2;NIVEL BÁSICO;1;ESPAÑOL COMO LENGUA EXTRANJERA;1;13
2020;46031313;46;VALENCIA/VALÈNCIA;46147;LLÍRIA;A2;NIVEL BÁSICO;1;FRANCÉS;3;49
2020;46031313;46;VALENCIA/VALÈNCIA;46147;LLÍRIA;A2;NIVEL BÁSICO;1;INGLÉS;4;91
2020;46031313;46;VALENCIA/VALÈNCIA;46147;LLÍRIA;A2;NIVEL BÁSICO;1;VALENCIANO;1;15
2020;46031313;46;VALENCIA/VALÈNCIA;46147;LLÍRIA;A2;NIVEL BÁSICO;2;ALEMÁN;2;22
2020;46031313;46;VALENCIA/VALÈNCIA;46147;LLÍRIA;A2;NIVEL BÁSICO;2;ESPAÑOL COMO LENGUA EXTRANJERA;1;13
2020;46031313;46;VALENCIA/VALÈNCIA;46147;LLÍRIA;A2;NIVEL BÁSICO;2;FRANCÉS;3;32
2020;46031313;46;VALENCIA/VALÈNCIA;46147;LLÍRIA;A2;NIVEL BÁSICO;2;INGLÉS;4;89
2020;46031313;46;VALENCIA/VALÈNCIA;46147;LLÍRIA;B1;NIVEL INTERMEDIO;1;ALEMÁN;1;15
2020;46031313;46;VALENCIA/VALÈNCIA;46147;LLÍRIA;B1;NIVEL INTERMEDIO;1;FRANCÉS;1;22
2020;46031313;46;VALENCIA/VALÈNCIA;46147;LLÍRIA;B1;NIVEL INTERMEDIO;1;INGLÉS;7;209
2020;46031313;46;VALENCIA/VALÈNCIA;46147;LLÍRIA;B1;NIVEL INTERMEDIO;2;ALEMÁN;1;12
2020;46031313;46;VALENCIA/VALÈNCIA;46147;LLÍRIA;B1;NIVEL INTERMEDIO;2;FRANCÉS;2;24
2020;46031313;46;VALENCIA/VALÈNCIA;46147;LLÍRIA;B1;NIVEL INTERMEDIO;2;INGLÉS;7;146
2020;46031313;46;VALENCIA/VALÈNCIA;46147;LLÍRIA;B2;NIVEL INTERMEDIO;1;ALEMÁN;1;9
2020;46031313;46;VALENCIA/VALÈNCIA;46147;LLÍRIA;B2;NIVEL INTERMEDIO;1;FRANCÉS;1;8
2020;46031313;46;VALENCIA/VALÈNCIA;46147;LLÍRIA;B2;NIVEL INTERMEDIO;1;INGLÉS;6;156
2020;46031313;46;VALENCIA/VALÈNCIA;46147;LLÍRIA;B2;NIVEL INTERMEDIO;1;VALENCIANO;1;17
2020;46031313;46;VALENCIA/VALÈNCIA;46147;LLÍRIA;B2;NIVEL INTERMEDIO;2;FRANCÉS;1;19
2020;46031313;46;VALENCIA/VALÈNCIA;46147;LLÍRIA;B2;NIVEL INTERMEDIO;2;INGLÉS;5;119
2020;46031313;46;VALENCIA/VALÈNCIA;46147;LLÍRIA;C1;NIVEL AVANZADO;1;FRANCÉS;1;6
2020;46031313;46;VALENCIA/VALÈNCIA;46147;LLÍRIA;C1;NIVEL AVANZADO;1;INGLÉS;6;130
2020;46031313;46;VALENCIA/VALÈNCIA;46147;LLÍRIA;C1;NIVEL AVANZADO;1;VALENCIANO;1;20
2020;46031313;46;VALENCIA/VALÈNCIA;46147;LLÍRIA;C1;NIVEL AVANZADO;2;FRANCÉS;1;4
2020;46031313;46;VALENCIA/VALÈNCIA;46147;LLÍRIA;C1;NIVEL AVANZADO;2;INGLÉS;3;41
2020;46031313;46;VALENCIA/VALÈNCIA;46147;LLÍRIA;C2;NIVEL AVANZADO;1;INGLÉS;1;15
2020;46031313;46;VALENCIA/VALÈNCIA;46147;LLÍRIA;C2;NIVEL AVANZADO;1;VALENCIANO;1;23
2020;46031313;46;VALENCIA/VALÈNCIA;46147;LLÍRIA;C2;NIVEL AVANZADO;2;INGLÉS;1;11
2020;46031313;46;VALENCIA/VALÈNCIA;46147;LLÍRIA;COMPLEMENTARIO TIPO A;SIN DEFINIR;A;INGLÉS;4;30
2020;46031313;46;VALENCIA/VALÈNCIA;46147;LLÍRIA;COMPLEMENTARIO TIPO B;SIN DEFINIR;B;ALEMÁN;2;4
2020;46031337;46;VALENCIA/VALÈNCIA;46244;TORRENT;A2;NIVEL BÁSICO;1;ALEMÁN;2;48
2020;46031337;46;VALENCIA/VALÈNCIA;46244;TORRENT;A2;NIVEL BÁSICO;1;FRANCÉS;2;56
2020;46031337;46;VALENCIA/VALÈNCIA;46244;TORRENT;A2;NIVEL BÁSICO;1;INGLÉS;5;107
2020;46031337;46;VALENCIA/VALÈNCIA;46244;TORRENT;A2;NIVEL BÁSICO;1;ITALIANO;2;45
2020;46031337;46;VALENCIA/VALÈNCIA;46244;TORRENT;A2;NIVEL BÁSICO;1;VALENCIANO;1;16
2020;46031337;46;VALENCIA/VALÈNCIA;46244;TORRENT;A2;NIVEL BÁSICO;2;ALEMÁN;1;20
2020;46031337;46;VALENCIA/VALÈNCIA;46244;TORRENT;A2;NIVEL BÁSICO;2;FRANCÉS;1;36
2020;46031337;46;VALENCIA/VALÈNCIA;46244;TORRENT;A2;NIVEL BÁSICO;2;INGLÉS;4;130
2020;46031337;46;VALENCIA/VALÈNCIA;46244;TORRENT;A2;NIVEL BÁSICO;2;ITALIANO;2;33
2020;46031337;46;VALENCIA/VALÈNCIA;46244;TORRENT;B1;NIVEL INTERMEDIO;1;ALEMÁN;1;9
2020;46031337;46;VALENCIA/VALÈNCIA;46244;TORRENT;B1;NIVEL INTERMEDIO;1;FRANCÉS;1;25
2020;46031337;46;VALENCIA/VALÈNCIA;46244;TORRENT;B1;NIVEL INTERMEDIO;1;INGLÉS;7;214
2020;46031337;46;VALENCIA/VALÈNCIA;46244;TORRENT;B1;NIVEL INTERMEDIO;2;ALEMÁN;1;8
2020;46031337;46;VALENCIA/VALÈNCIA;46244;TORRENT;B1;NIVEL INTERMEDIO;2;FRANCÉS;1;15
2020;46031337;46;VALENCIA/VALÈNCIA;46244;TORRENT;B1;NIVEL INTERMEDIO;2;INGLÉS;6;164
2020;46031337;46;VALENCIA/VALÈNCIA;46244;TORRENT;B2;NIVEL INTERMEDIO;1;FRANCÉS;1;11
2020;46031337;46;VALENCIA/VALÈNCIA;46244;TORRENT;B2;NIVEL INTERMEDIO;1;INGLÉS;8;154
2020;46031337;46;VALENCIA/VALÈNCIA;46244;TORRENT;B2;NIVEL INTERMEDIO;1;VALENCIANO;2;32
2020;46031337;46;VALENCIA/VALÈNCIA;46244;TORRENT;B2;NIVEL INTERMEDIO;2;FRANCÉS;1;10
2020;46031337;46;VALENCIA/VALÈNCIA;46244;TORRENT;B2;NIVEL INTERMEDIO;2;INGLÉS;8;165
2020;46031337;46;VALENCIA/VALÈNCIA;46244;TORRENT;C1;NIVEL AVANZADO;1;INGLÉS;2;53
2020;46031337;46;VALENCIA/VALÈNCIA;46244;TORRENT;C1;NIVEL AVANZADO;1;VALENCIANO;1;20
2020;46031337;46;VALENCIA/VALÈNCIA;46244;TORRENT;C1;NIVEL AVANZADO;2;INGLÉS;2;36
2020;46031337;46;VALENCIA/VALÈNCIA;46244;TORRENT;C2;NIVEL AVANZADO;1;VALENCIANO;1;23
2020;46031337;46;VALENCIA/VALÈNCIA;46244;TORRENT;COMPLEMENTARIO TIPO A;SIN DEFINIR;A;INGLÉS;2;16
2020;46036414;46;VALENCIA/VALÈNCIA;46250;VALÈNCIA;A2;NIVEL BÁSICO;1;ALEMÁN;2;38
2020;46036414;46;VALENCIA/VALÈNCIA;46250;VALÈNCIA;A2;NIVEL BÁSICO;1;FRANCÉS;4;66
2020;46036414;46;VALENCIA/VALÈNCIA;46250;VALÈNCIA;A2;NIVEL BÁSICO;1;INGLÉS;8;157
2020;46036414;46;VALENCIA/VALÈNCIA;46250;VALÈNCIA;A2;NIVEL BÁSICO;1;VALENCIANO;1;28
2020;46036414;46;VALENCIA/VALÈNCIA;46250;VALÈNCIA;A2;NIVEL BÁSICO;2;ALEMÁN;2;10
2020;46036414;46;VALENCIA/VALÈNCIA;46250;VALÈNCIA;A2;NIVEL BÁSICO;2;FRANCÉS;3;54
2020;46036414;46;VALENCIA/VALÈNCIA;46250;VALÈNCIA;A2;NIVEL BÁSICO;2;INGLÉS;9;194
2020;46036414;46;VALENCIA/VALÈNCIA;46250;VALÈNCIA;B1;NIVEL INTERMEDIO;1;ALEMÁN;1;20
2020;46036414;46;VALENCIA/VALÈNCIA;46250;VALÈNCIA;B1;NIVEL INTERMEDIO;1;FRANCÉS;2;52
2020;46036414;46;VALENCIA/VALÈNCIA;46250;VALÈNCIA;B1;NIVEL INTERMEDIO;1;INGLÉS;11;307
2020;46036414;46;VALENCIA/VALÈNCIA;46250;VALÈNCIA;B1;NIVEL INTERMEDIO;1;VALENCIANO;1;16
2020;46036414;46;VALENCIA/VALÈNCIA;46250;VALÈNCIA;B1;NIVEL INTERMEDIO;2;ALEMÁN;1;7
2020;46036414;46;VALENCIA/VALÈNCIA;46250;VALÈNCIA;B1;NIVEL INTERMEDIO;2;FRANCÉS;2;17
2020;46036414;46;VALENCIA/VALÈNCIA;46250;VALÈNCIA;B1;NIVEL INTERMEDIO;2;INGLÉS;12;208
2020;46036414;46;VALENCIA/VALÈNCIA;46250;VALÈNCIA;B2;NIVEL INTERMEDIO;1;FRANCÉS;1;7
2020;46036414;46;VALENCIA/VALÈNCIA;46250;VALÈNCIA;B2;NIVEL INTERMEDIO;1;INGLÉS;8;237
2020;46036414;46;VALENCIA/VALÈNCIA;46250;VALÈNCIA;B2;NIVEL INTERMEDIO;1;VALENCIANO;3;51
2020;46036414;46;VALENCIA/VALÈNCIA;46250;VALÈNCIA;B2;NIVEL INTERMEDIO;2;INGLÉS;11;222
2020;46036414;46;VALENCIA/VALÈNCIA;46250;VALÈNCIA;C1;NIVEL AVANZADO;1;INGLÉS;12;286
2020;46036414;46;VALENCIA/VALÈNCIA;46250;VALÈNCIA;C1;NIVEL AVANZADO;1;VALENCIANO;2;33
2020;46036414;46;VALENCIA/VALÈNCIA;46250;VALÈNCIA;C1;NIVEL AVANZADO;2;INGLÉS;6;134
2020;46036414;46;VALENCIA/VALÈNCIA;46250;VALÈNCIA;C2;NIVEL AVANZADO;1;VALENCIANO;1;23
2020;46036414;46;VALENCIA/VALÈNCIA;46250;VALÈNCIA;C2;NIVEL AVANZADO;2;VALENCIANO;2;15
2020;46036414;46;VALENCIA/VALÈNCIA;46250;VALÈNCIA;COMPLEMENTARIO TIPO A;SIN DEFINIR;A;FRANCÉS;1;1
2020;46036414;46;VALENCIA/VALÈNCIA;46250;VALÈNCIA;COMPLEMENTARIO TIPO A;SIN DEFINIR;A;INGLÉS;9;42
2020;46036414;46;VALENCIA/VALÈNCIA;46250;VALÈNCIA;COMPLEMENTARIO TIPO A;SIN DEFINIR;A;VALENCIANO;1;1
2020;46036426;46;VALENCIA/VALÈNCIA;46190;PATERNA;A2;NIVEL BÁSICO;1;ALEMÁN;2;44
2020;46036426;46;VALENCIA/VALÈNCIA;46190;PATERNA;A2;NIVEL BÁSICO;1;FRANCÉS;2;37
2020;46036426;46;VALENCIA/VALÈNCIA;46190;PATERNA;A2;NIVEL BÁSICO;1;INGLÉS;5;133
2020;46036426;46;VALENCIA/VALÈNCIA;46190;PATERNA;A2;NIVEL BÁSICO;1;ITALIANO;2;34
2020;46036426;46;VALENCIA/VALÈNCIA;46190;PATERNA;A2;NIVEL BÁSICO;2;ALEMÁN;1;18
2020;46036426;46;VALENCIA/VALÈNCIA;46190;PATERNA;A2;NIVEL BÁSICO;2;FRANCÉS;2;31
2020;46036426;46;VALENCIA/VALÈNCIA;46190;PATERNA;A2;NIVEL BÁSICO;2;INGLÉS;4;105
2020;46036426;46;VALENCIA/VALÈNCIA;46190;PATERNA;A2;NIVEL BÁSICO;2;ITALIANO;1;20
2020;46036426;46;VALENCIA/VALÈNCIA;46190;PATERNA;B1;NIVEL INTERMEDIO;1;ALEMÁN;1;22
2020;46036426;46;VALENCIA/VALÈNCIA;46190;PATERNA;B1;NIVEL INTERMEDIO;1;FRANCÉS;1;26
2020;46036426;46;VALENCIA/VALÈNCIA;46190;PATERNA;B1;NIVEL INTERMEDIO;1;INGLÉS;7;190
2020;46036426;46;VALENCIA/VALÈNCIA;46190;PATERNA;B1;NIVEL INTERMEDIO;1;ITALIANO;1;21
2020;46036426;46;VALENCIA/VALÈNCIA;46190;PATERNA;B1;NIVEL INTERMEDIO;2;FRANCÉS;1;9
2020;46036426;46;VALENCIA/VALÈNCIA;46190;PATERNA;B1;NIVEL INTERMEDIO;2;INGLÉS;4;111
2020;46036426;46;VALENCIA/VALÈNCIA;46190;PATERNA;B2;NIVEL INTERMEDIO;1;INGLÉS;4;124
2021;46036426;46;VALENCIA/VALÈNCIA;46190;PATERNA;B2;NIVEL INTERMEDIO;1;VALENCIANO;1;27
2021;46036426;46;VALENCIA/VALÈNCIA;46190;PATERNA;B2;NIVEL INTERMEDIO;2;INGLÉS;4;104
2021;46036426;46;VALENCIA/VALÈNCIA;46190;PATERNA;C1;NIVEL AVANZADO;1;INGLÉS;2;54
2021;46036426;46;VALENCIA/VALÈNCIA;46190;PATERNA;C1;NIVEL AVANZADO;1;VALENCIANO;1;27
2021;46036426;46;VALENCIA/VALÈNCIA;46190;PATERNA;C1;NIVEL AVANZADO;2;INGLÉS;2;48
2021;46036426;46;VALENCIA/VALÈNCIA;46190;PATERNA;C2;NIVEL AVANZADO;1;VALENCIANO;1;27
2021;46036426;46;VALENCIA/VALÈNCIA;46190;PATERNA;C2;NIVEL AVANZADO;2;VALENCIANO;2;15
2021;46036426;46;VALENCIA/VALÈNCIA;46190;PATERNA;COMPLEMENTARIO TIPO A;SIN DEFINIR;A;INGLÉS;4;43
2021;46036426;46;VALENCIA/VALÈNCIA;46190;PATERNA;COMPLEMENTARIO TIPO B;SIN DEFINIR;B;FRANCÉS;1;5
